{
  "sections": {
    "cart_details_NEetAd": {
      "type": "cart-details",
      "blocks": {
       
      },
      "settings": {
        "color_scheme": "scheme-1",
        "custom_color_scheme": "",
        "padding___top": "inherit",
        "custom_padding_top": 36,
        "padding___bottom": "inherit",
        "custom_padding_bottom": 36
      }
    },
    "featured-collection": {
      "type": "featured-collection",
      "settings": {
        "title": "More industry favorites",
        "heading_size": "h2",
        "description": "",
        "show_description": false,
        "description_style": "body",
        "collection": "frontpage",
        "products_to_show": 6,
        "columns_desktop": 4,
        "full_width": false,
        "show_view_all": false,
        "view_all_style": "solid",
        "enable_desktop_slider": true,
        "color_scheme": "scheme-1",
        "image_shape": "default",
        "show_secondary_image": "inherit",
        "show_vendor": false,
        "show_rating": false,
        "quick_add": "standard",
        "columns_mobile": "2",
        "swipe_on_mobile": true
      }
    }
  },
  "order": [
    "cart_details_NEetAd",
    "featured-collection"
  ]
}
