{
  "sections": {
    "dbtfy-breadcrumbs": {
      "type": "dbtfy-breadcrumbs",
      "settings": {
        "breadcrumbs": true,
        "show_on": "both",
        "show_social_media_icons": "both",
        "share_on_facebook": true,
        "share_on_messenger": true,
        "tweet_on_twitter": true,
        "pin_on_pinterest": true,
        "share_on_whatsapp": true,
        "share_on_linkedin": true,
        "share_on_reddit": true,
        "share_on_email": true,
        "color_scheme": "scheme-2"
      }
    },
    "banner": {
      "type": "main-collection-banner",
      "settings": {
        "show_collection_description": true,
        "show_collection_image": false,
        "color_scheme": "scheme-1"
      }
    },
    "product-grid": {
      "type": "main-collection-product-grid",
      "settings": {
        "products_per_page": 20,
        "columns_desktop": 4,
        "image_shape": "default",
        "show_secondary_image": "inherit",
        "show_vendor": false,
        "show_rating": false,
        "quick_add": "standard",
        "enable_filtering": true,
        "filter_type": "horizontal",
        "enable_sorting": true,
        "columns_mobile": "2"
      }
    }
  },
  "order": ["dbtfy-breadcrumbs", "banner", "product-grid"]
}
