{"sections":{"dbtfy_scrolling_banner_44PDT8":{"type":"dbtfy-scrolling-banner","blocks":{"heading":{"type":"_heading","disabled":true,"static":true,"settings":{"padding___top":"none","custom_padding_top":36,"padding___bottom":"none","custom_padding_bottom":36}},"dbtfy-scrolling-banner":{"type":"_dbtfy-scrolling-banner","static":true,"settings":{},"blocks":{"dbtfy_scrolling_banner_text_PfUj7t":{"type":"_dbtfy-scrolling-banner_text","settings":{"text":"Subscribe and get 10% off your first purchase","url":"","heading_size":"custom","custom_heading_size":14,"is_all_stroked":false,"stroked_text":"shipping, returns"}},"dbtfy_scrolling_banner_icon_Y7AAED":{"type":"_dbtfy-scrolling-banner_icon","settings":{"icon":"star","icon_height_on_desktop":24,"icon_height_on_mobile":30}},"dbtfy_scrolling_banner_text_ngd9V3":{"type":"_dbtfy-scrolling-banner_text","settings":{"text":"Great-Free return product within 10 days","url":"","heading_size":"custom","custom_heading_size":14,"is_all_stroked":false,"stroked_text":"shipping, returns"}},"dbtfy_scrolling_banner_icon_TiGfW8":{"type":"_dbtfy-scrolling-banner_icon","settings":{"icon":"star","icon_height_on_desktop":24,"icon_height_on_mobile":30}}},"block_order":["dbtfy_scrolling_banner_text_PfUj7t","dbtfy_scrolling_banner_icon_Y7AAED","dbtfy_scrolling_banner_text_ngd9V3","dbtfy_scrolling_banner_icon_TiGfW8"]}},"settings":{"show_on":"both","show_overlay":false,"marquee_direction":"left","animation_duration":10,"pause_on_hover":true,"gap":12,"mobile_gap":12,"color_scheme":"scheme-1","custom_color_scheme":"","padding___top":"small","custom_padding_top":36,"padding___bottom":"small","custom_padding_bottom":36}},"slideshow_iyDLiy":{"type":"slideshow","blocks":{"slideshow_item_9mRT3X":{"type":"_slideshow-item","settings":{"media_priority":"image","image_desktop":"shopify:\/\/shop_images\/img_banner_home2.jpg","image_position_desktop":"top-center","image_position_mobile":"top-center","box_align":"bottom-left","box_align_mobile":"middle-center","show_text_box":false,"image_overlay_opacity":40,"color_scheme":"scheme-4","custom_color_scheme":""},"blocks":{"subtitle_Vx9trX":{"type":"_subtitle","settings":{"title":"Sweater Collection","alignment":"inherit","alignment_mobile":"","size":"h6","style":"uppercase","padding___top":"inherit","custom_padding_top":36,"padding___bottom":"inherit","custom_padding_bottom":36}},"title_bJ4EdM":{"type":"_title","settings":{"title":"Online Exclusive","custom_color":false,"title_color":"#000000","alignment":"text-left","alignment_mobile":"","size":"h1","style":"inherit","padding___top":"custom","custom_padding_top":0,"padding___bottom":"custom","custom_padding_bottom":0}},"single_button_YKcny6":{"type":"_single_button","settings":{"button_label":"Shop Collection","button_link":"shopify:\/\/collections","button_style":"button button--primary","button_size":"inherit","text_style":"inherit","button_icon_show":false,"button_icon":"shopping_cart","icon_position":"left","alignment":"justify-content-left","alignment_mobile":"","padding___top":"inherit","custom_padding_top":36,"padding___bottom":"inherit","custom_padding_bottom":36}}},"block_order":["subtitle_Vx9trX","title_bJ4EdM","single_button_YKcny6"]},"slideshow_item_db3E6T":{"type":"_slideshow-item","settings":{"media_priority":"image","image_desktop":"shopify:\/\/shop_images\/img_banner_home2_3.jpg","image_position_desktop":"top-center","image_position_mobile":"top-center","box_align":"bottom-left","box_align_mobile":"middle-center","show_text_box":false,"image_overlay_opacity":40,"color_scheme":"scheme-4","custom_color_scheme":""},"blocks":{"subtitle_Nf48Vn":{"type":"_subtitle","settings":{"title":"Look Exclusive","alignment":"inherit","alignment_mobile":"","size":"h6","style":"uppercase","padding___top":"inherit","custom_padding_top":36,"padding___bottom":"inherit","custom_padding_bottom":36}},"title_LKzdkk":{"type":"_title","settings":{"title":"High-Top Design","custom_color":false,"title_color":"#000000","alignment":"text-left","alignment_mobile":"","size":"h1","style":"inherit","padding___top":"custom","custom_padding_top":0,"padding___bottom":"custom","custom_padding_bottom":0}},"single_button_4bFeXG":{"type":"_single_button","settings":{"button_label":"Shop Collection","button_link":"shopify:\/\/collections","button_style":"button button--primary","button_size":"inherit","text_style":"inherit","button_icon_show":false,"button_icon":"shopping_cart","icon_position":"left","alignment":"justify-content-left","alignment_mobile":"","padding___top":"inherit","custom_padding_top":36,"padding___bottom":"inherit","custom_padding_bottom":36}}},"block_order":["subtitle_Nf48Vn","title_LKzdkk","single_button_4bFeXG"]},"slideshow_item_zPeJqy":{"type":"_slideshow-item","settings":{"media_priority":"image","image_desktop":"shopify:\/\/shop_images\/img_banner_home2_2.jpg","image_position_desktop":"top-center","image_position_mobile":"top-center","box_align":"bottom-left","box_align_mobile":"middle-center","show_text_box":false,"image_overlay_opacity":40,"color_scheme":"scheme-4","custom_color_scheme":""},"blocks":{"subtitle_kRJUL7":{"type":"_subtitle","settings":{"title":"Season Collection","alignment":"inherit","alignment_mobile":"","size":"h6","style":"uppercase","padding___top":"inherit","custom_padding_top":36,"padding___bottom":"inherit","custom_padding_bottom":36}},"title_7iwh9H":{"type":"_title","settings":{"title":"Super Comfort","custom_color":false,"title_color":"#000000","alignment":"text-left","alignment_mobile":"","size":"h1","style":"inherit","padding___top":"custom","custom_padding_top":0,"padding___bottom":"custom","custom_padding_bottom":0}},"single_button_4JXeDP":{"type":"_single_button","settings":{"button_label":"Shop Collection","button_link":"shopify:\/\/collections","button_style":"button button--primary","button_size":"inherit","text_style":"inherit","button_icon_show":false,"button_icon":"shopping_cart","icon_position":"left","alignment":"justify-content-left","alignment_mobile":"","padding___top":"inherit","custom_padding_top":36,"padding___bottom":"inherit","custom_padding_bottom":36}}},"block_order":["subtitle_kRJUL7","title_7iwh9H","single_button_4JXeDP"]}},"block_order":["slideshow_item_9mRT3X","slideshow_item_db3E6T","slideshow_item_zPeJqy"],"settings":{"show_on":"both","container_size":"","slide_height":"medium","slide_height_mobile":"medium","image_behavior":"none","show_text_below":"bottom","enable_autoplay":true,"autoplay_speed":5,"enable_loop":true,"enable_dots":true,"enable_arrows":false,"arrow_color":"inherit","custom_arrow_color":"#ffffff","custom_arrow_background_color":"#7559ff","arrow_position":"bottom","control_position":"inside","accessibility_info":"Slideshow about our brand"}},"dbtfy_extended_collection_list_947LEz":{"type":"dbtfy-extended-collection-list","blocks":{"heading":{"type":"_heading","static":true,"settings":{"padding___top":"none","custom_padding_top":36,"padding___bottom":"none","custom_padding_bottom":36},"blocks":{"title_txkWWf":{"type":"_title","settings":{"title":"Top Collections","custom_color":false,"title_color":"#000000","alignment":"text-center","alignment_mobile":"","size":"inherit","style":"inherit","padding___top":"inherit","custom_padding_top":36,"padding___bottom":"extra_small","custom_padding_bottom":36}},"description_Ut9xWY":{"type":"_description","settings":{"description":"<p>Express your style with our standout collection—fashion meets sophistication.<\/p>","alignment":"text-center","alignment_mobile":"","custom_bullet_icon":"","padding___top":"inherit","custom_padding_top":36,"padding___bottom":"small","custom_padding_bottom":36}}},"block_order":["title_txkWWf","description_Ut9xWY"]},"extended-collection-list":{"type":"_extended-collection-list","static":true,"settings":{},"blocks":{"extended_collection_list_block_XdJn7V":{"type":"_extended-collection-list-block","settings":{"collection":"all","image_position":"center center","title":"Crop—Top","image":"shopify:\/\/shop_images\/collection_img_1.jpg"}},"extended_collection_list_block_D3FBcf":{"type":"_extended-collection-list-block","settings":{"collection":"all","image_position":"center center","title":"T-Shirts","image":"shopify:\/\/shop_images\/collection_img_2.jpg"}},"extended_collection_list_block_taJPRV":{"type":"_extended-collection-list-block","settings":{"collection":"all","image_position":"center center","title":"Coats","image":"shopify:\/\/shop_images\/collection_img_4.jpg"}},"extended_collection_list_block_Kr4cgD":{"type":"_extended-collection-list-block","settings":{"collection":"all","image_position":"center center","title":"Sweaters","image":"shopify:\/\/shop_images\/collection_img_5.jpg"}}},"block_order":["extended_collection_list_block_XdJn7V","extended_collection_list_block_D3FBcf","extended_collection_list_block_taJPRV","extended_collection_list_block_Kr4cgD"]}},"settings":{"show_on":"both","container_size":"page-width","image_ratio":"square","columns_desktop":4,"show_view_all":false,"columns_mobile":"1","inside_box":false,"collection_content_alignment":"middle-center","show_collection_title":true,"show_collection_product_count":false,"enable_animation_on_hover":false,"show_collection_button":false,"button_style":"button button--primary","button_size":"inherit","content_spacing":0,"title_size":"h4","overlay":60,"slider_on":"mobile","enable_autoplay":false,"autoplay_speed":5,"enable_loop":true,"enable_dots":true,"enable_arrows":true,"arrow_color":"inherit","custom_arrow_color":"#ffffff","custom_arrow_background_color":"#7559ff","arrow_position":"bottom","color_scheme":"scheme-1","custom_color_scheme":"","padding___top":"inherit","custom_padding_top":36,"padding___bottom":"inherit","custom_padding_bottom":36}},"featured_collection_CtDkji":{"type":"featured-collection","blocks":{"heading":{"type":"_heading","static":true,"settings":{"padding___top":"none","custom_padding_top":36,"padding___bottom":"none","custom_padding_bottom":36},"blocks":{"title_x3jwKA":{"type":"_title","settings":{"title":"Best Selling","custom_color":false,"title_color":"#000000","alignment":"text-center","alignment_mobile":"","size":"inherit","style":"inherit","padding___top":"inherit","custom_padding_top":36,"padding___bottom":"extra_small","custom_padding_bottom":36}},"description_p3BpTG":{"type":"_description","settings":{"description":"<p>Unmatched design—superior performance and customer satisfaction in one.<\/p>","alignment":"text-center","alignment_mobile":"","custom_bullet_icon":"","padding___top":"inherit","custom_padding_top":36,"padding___bottom":"small","custom_padding_bottom":36}}},"block_order":["title_x3jwKA","description_p3BpTG"]}},"settings":{"show_on":"both","collection":"","products_to_show":8,"columns_desktop":4,"list_type":false,"show_view_all":true,"view_all_text":"Show All Products","view_all_link":"shopify:\/\/collections\/all","view_all_style":"button button--primary","button_size":"inherit","custom_badge_label":"50% OFF","custom_badge_icon":"local_shipping","custom_badge_bg_color":"","custom_badge_color":"","image_ratio":"inherit","image_crop_position":"inherit","image_shape":"default","show_secondary_image":"inherit","show_carousel":"inherit","show_vendor":false,"show_rating":true,"show_description":false,"show_price":true,"show_variant_swatches":"inherit","show_out_of_stock_products":true,"show_sold_out_badge":true,"show_sale_badge":true,"quick_add":"none","columns_mobile":"2","slider_on":"none","container_size":"page-width","enable_autoplay":false,"autoplay_speed":5,"enable_loop":true,"enable_dots":true,"enable_arrows":true,"arrow_color":"inherit","custom_arrow_color":"#ffffff","custom_arrow_background_color":"#7559ff","arrow_position":"bottom","color_scheme":"scheme-1","custom_color_scheme":"","padding___top":"inherit","custom_padding_top":36,"padding___bottom":"inherit","custom_padding_bottom":36}},"double_image_banner_JCd8D3":{"type":"double-image-banner","blocks":{"cta_block":{"type":"_cta_block","static":true,"settings":{"padding___top":"none","custom_padding_top":36,"padding___bottom":"none","custom_padding_bottom":36},"blocks":{"caption_egKP7b":{"type":"_caption","settings":{"caption":"Today—Black friday","alignment":"text-center","alignment_mobile":"","text_style":"caption-with-letter-spacing","padding___top":"inherit","custom_padding_top":36,"padding___bottom":"inherit","custom_padding_bottom":36}},"title_Pbn3tq":{"type":"_title","settings":{"title":"Save! 30—50% Off","custom_color":false,"title_color":"#000000","alignment":"text-center","alignment_mobile":"","size":"inherit","style":"inherit","padding___top":"inherit","custom_padding_top":36,"padding___bottom":"inherit","custom_padding_bottom":36}},"single_button_kJp38P":{"type":"_single_button","settings":{"button_label":"Shop Save","button_link":"shopify:\/\/collections","button_style":"button button--primary","button_size":"inherit","text_style":"inherit","button_icon_show":false,"button_icon":"shopping_cart","icon_position":"left","alignment":"justify-content-center","alignment_mobile":"","padding___top":"inherit","custom_padding_top":36,"padding___bottom":"inherit","custom_padding_bottom":36}}},"block_order":["caption_egKP7b","title_Pbn3tq","single_button_kJp38P"]}},"settings":{"image":"shopify:\/\/shop_images\/Home2_banner_4_52f161b0-fa7a-4dd9-9ecc-49bf33fa5c52.jpg","image_2":"shopify:\/\/shop_images\/Home2_banner_5_15b6fc75-f0bd-42a8-99e6-cdb6f85aaf0d.jpg","image_overlay_opacity":0,"image_height":"medium","image_height_mobile":"medium","desktop_content_position":"middle-center","show_text_box":true,"image_behavior":"none","stack_images_on_mobile":true,"show_text_below":false,"color_scheme":"scheme-1","custom_color_scheme":""}},"featured_collection_kkW8RM":{"type":"featured-collection","blocks":{"heading":{"type":"_heading","static":true,"settings":{"padding___top":"none","custom_padding_top":36,"padding___bottom":"none","custom_padding_bottom":36},"blocks":{"title_CwDiQe":{"type":"_title","settings":{"title":"Trending Outfits","custom_color":false,"title_color":"#000000","alignment":"text-center","alignment_mobile":"","size":"inherit","style":"inherit","padding___top":"inherit","custom_padding_top":36,"padding___bottom":"extra_small","custom_padding_bottom":36}},"description_Q4Ygzw":{"type":"_description","settings":{"description":"<p>Unmatched design—superior performance and customer satisfaction in one.<\/p>","alignment":"text-center","alignment_mobile":"","custom_bullet_icon":"","padding___top":"inherit","custom_padding_top":36,"padding___bottom":"small","custom_padding_bottom":36}}},"block_order":["title_CwDiQe","description_Q4Ygzw"]}},"settings":{"show_on":"both","collection":"","products_to_show":4,"columns_desktop":4,"list_type":false,"show_view_all":true,"view_all_text":"Show All Products","view_all_link":"shopify:\/\/collections\/all","view_all_style":"button button--primary","button_size":"inherit","custom_badge_label":"50% OFF","custom_badge_icon":"local_shipping","custom_badge_bg_color":"","custom_badge_color":"","image_ratio":"inherit","image_crop_position":"inherit","image_shape":"default","show_secondary_image":"inherit","show_carousel":"inherit","show_vendor":false,"show_rating":true,"show_description":false,"show_price":true,"show_variant_swatches":"inherit","show_out_of_stock_products":true,"show_sold_out_badge":true,"show_sale_badge":true,"quick_add":"none","columns_mobile":"2","slider_on":"none","container_size":"page-width","enable_autoplay":false,"autoplay_speed":5,"enable_loop":true,"enable_dots":true,"enable_arrows":true,"arrow_color":"inherit","custom_arrow_color":"#ffffff","custom_arrow_background_color":"#7559ff","arrow_position":"bottom","color_scheme":"scheme-1","custom_color_scheme":"","padding___top":"inherit","custom_padding_top":36,"padding___bottom":"inherit","custom_padding_bottom":36}},"dbtfy_testimonials_kyA3cz":{"type":"dbtfy-testimonials","blocks":{"heading":{"type":"_heading","static":true,"settings":{"padding___top":"none","custom_padding_top":36,"padding___bottom":"none","custom_padding_bottom":36},"blocks":{"title_3cekbx":{"type":"_title","settings":{"title":"Customer Say!","custom_color":false,"title_color":"#000000","alignment":"text-center","alignment_mobile":"","size":"inherit","style":"inherit","padding___top":"inherit","custom_padding_top":36,"padding___bottom":"extra_small","custom_padding_bottom":36}},"description_kX7EY4":{"type":"_description","settings":{"description":"<p>Customers love our products and we always strive to please them all.<\/p>","alignment":"text-center","alignment_mobile":"","custom_bullet_icon":"","padding___top":"inherit","custom_padding_top":36,"padding___bottom":"small","custom_padding_bottom":36}}},"block_order":["title_3cekbx","description_kX7EY4"]},"testimonials":{"type":"_dbtfy-testimonials","static":true,"settings":{},"blocks":{"dbtfy_testimonial_item_iFEeWp":{"type":"_dbtfy-testimonial-item","settings":{"star_rating":5,"video_link":"","enable_autoplay":false,"enalbe_mute":false,"text":"<p>Share blog posts, products, or promotions with your customers. Use this text to describe products, share details on availability and style, or as a space to display recent reviews or FAQs.<\/p>","date":"","profession":"Profession","author":"Author's name","link":""}},"dbtfy_testimonial_item_mYtwKX":{"type":"_dbtfy-testimonial-item","settings":{"star_rating":5,"video_link":"","enable_autoplay":false,"enalbe_mute":false,"text":"<p>Share blog posts, products, or promotions with your customers. Use this text to describe products, share details on availability and style, or as a space to display recent reviews or FAQs.<\/p>","date":"","profession":"Profession","author":"Author's name","link":""}},"dbtfy_testimonial_item_3LLCYx":{"type":"_dbtfy-testimonial-item","settings":{"star_rating":5,"video_link":"","enable_autoplay":false,"enalbe_mute":false,"text":"<p>Share blog posts, products, or promotions with your customers. Use this text to describe products, share details on availability and style, or as a space to display recent reviews or FAQs.<\/p>","date":"","profession":"Profession","author":"Author's name","link":""}}},"block_order":["dbtfy_testimonial_item_iFEeWp","dbtfy_testimonial_item_mYtwKX","dbtfy_testimonial_item_3LLCYx"]}},"settings":{"show_on":"both","container_size":"page-width","display_type":"carousel","columns_desktop":2,"enable_star_rating":true,"enable_author_image":true,"enable_default_avatar":false,"enable_author_name":true,"enable_paragraph":true,"enable_compay_profession":true,"enable_date":true,"date_format":"1","profile_picture_style":"circle","user_data_location":"above","profile_content_alignment":"left","review_content_aignment":"left","media_position":"image-first","enable_quotation_icon":false,"icon":"format_quote","icon_position":"right","icon_height":"medium","icon_height_mobile":"medium","line_limit":5,"enable_read_more":false,"button_style":"button button--primary","button_size":"inherit","read_more_label":"Show more","read_less_label":"Show less","enable_read_more_shadow":false,"show_more_gradient":"","show_more_gradient_height":40,"slider_on":"both","enable_autoplay":true,"autoplay_speed":5,"enable_loop":true,"enable_dots":true,"enable_arrows":false,"arrow_color":"inherit","custom_arrow_color":"#ffffff","custom_arrow_background_color":"#7559ff","arrow_position":"middle","color_scheme":"scheme-1","custom_color_scheme":"","padding___top":"inherit","custom_padding_top":36,"padding___bottom":"inherit","custom_padding_bottom":36}},"dbtfy_instagram_LGEzAc":{"type":"dbtfy-instagram","blocks":{"heading":{"type":"_heading","static":true,"settings":{"padding___top":"none","custom_padding_top":36,"padding___bottom":"none","custom_padding_bottom":36},"blocks":{"title_qprX38":{"type":"_title","settings":{"title":"Shop by Gram","custom_color":false,"title_color":"#000000","alignment":"text-center","alignment_mobile":"","size":"inherit","style":"inherit","padding___top":"inherit","custom_padding_top":36,"padding___bottom":"extra_small","custom_padding_bottom":36}},"description_QRGyBH":{"type":"_description","settings":{"description":"<p>Inspire and let yourself be inspired, from one unique fashion to another.<\/p>","alignment":"text-center","alignment_mobile":"","custom_bullet_icon":"","padding___top":"inherit","custom_padding_top":36,"padding___bottom":"small","custom_padding_bottom":36}}},"block_order":["title_qprX38","description_QRGyBH"]},"instagram_images":{"type":"_instagram_images","static":true,"settings":{},"blocks":{"instagram_image_XEwMRq":{"type":"_instagram_image","settings":{}},"instagram_image_f9WWkH":{"type":"_instagram_image","settings":{}},"instagram_image_Kx9fCP":{"type":"_instagram_image","settings":{}},"instagram_image_QfdWrd":{"type":"_instagram_image","settings":{}},"instagram_image_tyaKV7":{"type":"_instagram_image","settings":{}},"instagram_image_WTbqbg":{"type":"_instagram_image","settings":{}},"instagram_image_eMncKW":{"type":"_instagram_image","settings":{}},"instagram_image_XPrLCY":{"type":"_instagram_image","settings":{}},"instagram_image_tiAjHt":{"type":"_instagram_image","settings":{}},"instagram_image_rzqdLM":{"type":"_instagram_image","settings":{}},"instagram_image_LNXV4h":{"type":"_instagram_image","settings":{}},"instagram_image_dFrkfU":{"type":"_instagram_image","settings":{}}},"block_order":["instagram_image_XEwMRq","instagram_image_f9WWkH","instagram_image_Kx9fCP","instagram_image_QfdWrd","instagram_image_tyaKV7","instagram_image_WTbqbg","instagram_image_eMncKW","instagram_image_XPrLCY","instagram_image_tiAjHt","instagram_image_rzqdLM","instagram_image_LNXV4h","instagram_image_dFrkfU"]}},"settings":{"show_on":"both","container_size":"page-width","enalbled_icon":false,"alignment":"justify-content-center","dbtfy_instagram_feed_size":30,"column_desktop":6,"column_mobile":"1","slider_on":"both","enable_autoplay":false,"autoplay_speed":5,"enable_loop":true,"enable_dots":false,"enable_arrows":false,"arrow_color":"inherit","custom_arrow_color":"#ffffff","custom_arrow_background_color":"#7559ff","arrow_position":"middle","color_scheme":"scheme-1","custom_color_scheme":"","padding___top":"inherit","custom_padding_top":36,"padding___bottom":"inherit","custom_padding_bottom":36}},"dbtfy_guarantee_Ln3JrY":{"type":"dbtfy-guarantee","blocks":{"heading":{"type":"_heading","disabled":true,"static":true,"settings":{"padding___top":"none","custom_padding_top":36,"padding___bottom":"none","custom_padding_bottom":36},"blocks":{"title_f4DGcU":{"type":"_title","settings":{"title":"Guarantee","custom_color":false,"title_color":"#000000","alignment":"inherit","alignment_mobile":"","size":"inherit","style":"inherit","padding___top":"inherit","custom_padding_top":36,"padding___bottom":"inherit","custom_padding_bottom":36}}},"block_order":["title_f4DGcU"]},"dbtfy-guarantee":{"type":"_dbtfy-guarantee","static":true,"settings":{},"blocks":{"dbtfy_guarantee_block_3JgKb3":{"type":"_dbtfy-guarantee-block","settings":{"color_scheme":"scheme-1","custom_color_scheme":""},"blocks":{"icon_UL6Nxa":{"type":"_icon","settings":{"icon":"package_2","size":"medium","alignment":"text-center","alignment_mobile":"","padding___top":"none","custom_padding_top":36,"padding___bottom":"none","custom_padding_bottom":36}},"title_bXiBfp":{"type":"_title","settings":{"title":"Free Shipping","custom_color":false,"title_color":"#000000","alignment":"text-center","alignment_mobile":"","size":"h5","style":"inherit","padding___top":"inherit","custom_padding_top":36,"padding___bottom":"extra_small","custom_padding_bottom":36}},"description_y6yrxW":{"type":"_description","settings":{"description":"<p>Enjoy free worldwide shipping and returns, with customs and duties taxes included.<\/p>","alignment":"text-center","alignment_mobile":"","custom_bullet_icon":"","padding___top":"custom","custom_padding_top":0,"padding___bottom":"inherit","custom_padding_bottom":36}}},"block_order":["icon_UL6Nxa","title_bXiBfp","description_y6yrxW"]},"dbtfy_guarantee_block_XBrN4Y":{"type":"_dbtfy-guarantee-block","settings":{"color_scheme":"scheme-1","custom_color_scheme":""},"blocks":{"icon_gqKmHL":{"type":"_icon","settings":{"icon":"verified","size":"medium","alignment":"text-center","alignment_mobile":"","padding___top":"none","custom_padding_top":36,"padding___bottom":"none","custom_padding_bottom":36}},"title_8zN78g":{"type":"_title","settings":{"title":"Free Returns","custom_color":false,"title_color":"#000000","alignment":"text-center","alignment_mobile":"","size":"h5","style":"inherit","padding___top":"inherit","custom_padding_top":36,"padding___bottom":"extra_small","custom_padding_bottom":36}},"description_ep4Lqw":{"type":"_description","settings":{"description":"<p>Free returns within 15 days, please make sure the items are in undamaged condition.<\/p>","alignment":"text-center","alignment_mobile":"","custom_bullet_icon":"","padding___top":"custom","custom_padding_top":0,"padding___bottom":"inherit","custom_padding_bottom":36}}},"block_order":["icon_gqKmHL","title_8zN78g","description_ep4Lqw"]},"dbtfy_guarantee_block_L8jHEY":{"type":"_dbtfy-guarantee-block","settings":{"color_scheme":"scheme-1","custom_color_scheme":""},"blocks":{"icon_xN9yKD":{"type":"_icon","settings":{"icon":"chat","size":"medium","alignment":"text-center","alignment_mobile":"","padding___top":"none","custom_padding_top":36,"padding___bottom":"none","custom_padding_bottom":36}},"title_VyfVcy":{"type":"_title","settings":{"title":"Support Online","custom_color":false,"title_color":"#000000","alignment":"text-center","alignment_mobile":"","size":"h5","style":"inherit","padding___top":"inherit","custom_padding_top":36,"padding___bottom":"extra_small","custom_padding_bottom":36}},"description_8hWkg7":{"type":"_description","settings":{"description":"<p>We support customers 24\/7, send questions we will solve for you immediately.<\/p>","alignment":"text-center","alignment_mobile":"","custom_bullet_icon":"","padding___top":"custom","custom_padding_top":0,"padding___bottom":"inherit","custom_padding_bottom":36}}},"block_order":["icon_xN9yKD","title_VyfVcy","description_8hWkg7"]}},"block_order":["dbtfy_guarantee_block_3JgKb3","dbtfy_guarantee_block_XBrN4Y","dbtfy_guarantee_block_L8jHEY"]}},"settings":{"show_on":"both","container_size":"page-width","columns_desktop":3,"columns_per_row_mobile":"1","color_scheme":"scheme-1","custom_color_scheme":"","padding___top":"inherit","custom_padding_top":36,"padding___bottom":"inherit","custom_padding_bottom":36}}},"order":["dbtfy_scrolling_banner_44PDT8","slideshow_iyDLiy","dbtfy_extended_collection_list_947LEz","featured_collection_CtDkji","double_image_banner_JCd8D3","featured_collection_kkW8RM","dbtfy_testimonials_kyA3cz","dbtfy_instagram_LGEzAc","dbtfy_guarantee_Ln3JrY"]}