{"sections":{"main":{"type":"main-page","disabled":true,"settings":{"padding___top":"inherit","custom_padding_top":36,"padding___bottom":"inherit","custom_padding_bottom":36}},"double_image_banner_FgVMy3":{"type":"double-image-banner","blocks":{"cta_block":{"type":"_cta_block","static":true,"settings":{"padding___top":"none","custom_padding_top":36,"padding___bottom":"none","custom_padding_bottom":36},"blocks":{"description_P74dFF":{"type":"_description","settings":{"description":"<p>Welcome industry insiders<\/p>","alignment":"text-center","alignment_mobile":"","custom_bullet_icon":"","padding___top":"inherit","custom_padding_top":36,"padding___bottom":"inherit","custom_padding_bottom":36}},"title_b7hqPx":{"type":"_title","settings":{"title":"Grow your business with us","custom_color":false,"title_color":"#000000","alignment":"text-center","alignment_mobile":"","size":"inherit","style":"inherit","padding___top":"inherit","custom_padding_top":36,"padding___bottom":"inherit","custom_padding_bottom":36}},"single_button_rgf6Q6":{"type":"_single_button","settings":{"button_label":"Explore","button_link":"shopify:\/\/collections","button_style":"button button--primary","button_size":"inherit","text_style":"inherit","button_icon_show":false,"button_icon":"shopping_cart","icon_position":"left","alignment":"justify-content-center","alignment_mobile":"","padding___top":"inherit","custom_padding_top":36,"padding___bottom":"inherit","custom_padding_bottom":36}}},"block_order":["description_P74dFF","title_b7hqPx","single_button_rgf6Q6"]}},"settings":{"image":"shopify:\/\/shop_images\/img_banner_home2_2.jpg","image_overlay_opacity":0,"image_height":"medium","image_height_mobile":"medium","desktop_content_position":"middle-center","show_text_box":true,"image_behavior":"none","stack_images_on_mobile":true,"show_text_below":true,"color_scheme":"scheme-1","custom_color_scheme":""}},"dbtfy_guarantee_PemLnD":{"type":"dbtfy-guarantee","blocks":{"heading":{"type":"_heading","static":true,"settings":{"padding___top":"none","custom_padding_top":36,"padding___bottom":"none","custom_padding_bottom":36}},"dbtfy-guarantee":{"type":"_dbtfy-guarantee","static":true,"settings":{},"blocks":{"dbtfy_guarantee_block_3qF8Pi":{"type":"_dbtfy-guarantee-block","settings":{"color_scheme":"scheme-1","custom_color_scheme":""},"blocks":{"icon_4d3Krt":{"type":"_icon","settings":{"icon":"package_2","size":"medium","alignment":"text-center","alignment_mobile":"","padding___top":"none","custom_padding_top":36,"padding___bottom":"none","custom_padding_bottom":36}},"title_xmPMq6":{"type":"_title","settings":{"title":"Free Shipping","custom_color":false,"title_color":"#000000","alignment":"text-center","alignment_mobile":"","size":"h5","style":"inherit","padding___top":"inherit","custom_padding_top":36,"padding___bottom":"inherit","custom_padding_bottom":36}},"description_EDRGpn":{"type":"_description","settings":{"description":"<p>Enjoy free worldwide shipping and returns, with customs and duties taxes included.<\/p>","alignment":"text-center","alignment_mobile":"","custom_bullet_icon":"","padding___top":"inherit","custom_padding_top":36,"padding___bottom":"inherit","custom_padding_bottom":36}}},"block_order":["icon_4d3Krt","title_xmPMq6","description_EDRGpn"]},"dbtfy_guarantee_block_7cG9ei":{"type":"_dbtfy-guarantee-block","settings":{"color_scheme":"scheme-1","custom_color_scheme":""},"blocks":{"icon_EWRTFF":{"type":"_icon","settings":{"icon":"verified","size":"medium","alignment":"text-center","alignment_mobile":"","padding___top":"none","custom_padding_top":36,"padding___bottom":"none","custom_padding_bottom":36}},"title_PeVnMX":{"type":"_title","settings":{"title":"Free Returns","custom_color":false,"title_color":"#000000","alignment":"text-center","alignment_mobile":"","size":"h5","style":"inherit","padding___top":"inherit","custom_padding_top":36,"padding___bottom":"inherit","custom_padding_bottom":36}},"description_6nYUXm":{"type":"_description","settings":{"description":"<p>Free returns within 15 days, please make sure the items are in undamaged condition.<\/p>","alignment":"text-center","alignment_mobile":"","custom_bullet_icon":"","padding___top":"inherit","custom_padding_top":36,"padding___bottom":"inherit","custom_padding_bottom":36}}},"block_order":["icon_EWRTFF","title_PeVnMX","description_6nYUXm"]},"dbtfy_guarantee_block_HyVGix":{"type":"_dbtfy-guarantee-block","settings":{"color_scheme":"scheme-1","custom_color_scheme":""},"blocks":{"icon_hTeQyy":{"type":"_icon","settings":{"icon":"chat","size":"medium","alignment":"text-center","alignment_mobile":"","padding___top":"none","custom_padding_top":36,"padding___bottom":"none","custom_padding_bottom":36}},"title_j7FLGn":{"type":"_title","settings":{"title":"Support Online","custom_color":false,"title_color":"#000000","alignment":"text-center","alignment_mobile":"","size":"h5","style":"inherit","padding___top":"inherit","custom_padding_top":36,"padding___bottom":"inherit","custom_padding_bottom":36}},"description_ByBn4T":{"type":"_description","settings":{"description":"<p>We support customers 24\/7, send questions we will solve for you immediately.<\/p>","alignment":"text-center","alignment_mobile":"","custom_bullet_icon":"","padding___top":"inherit","custom_padding_top":36,"padding___bottom":"inherit","custom_padding_bottom":36}}},"block_order":["icon_hTeQyy","title_j7FLGn","description_ByBn4T"]}},"block_order":["dbtfy_guarantee_block_3qF8Pi","dbtfy_guarantee_block_7cG9ei","dbtfy_guarantee_block_HyVGix"]}},"settings":{"show_on":"both","container_size":"page-width","columns_desktop":3,"columns_per_row_mobile":"1","color_scheme":"scheme-1","custom_color_scheme":"","padding___top":"inherit","custom_padding_top":36,"padding___bottom":"inherit","custom_padding_bottom":36}},"featured_product_wH7j6V":{"type":"featured-product","blocks":{"product_text_yCdaE3":{"type":"_product_text","settings":{"text":"{{ closest.product.vendor }}","text_style":"uppercase"}},"product_title_bMn9CL":{"type":"_product_title","settings":{}},"product_bullet_points_wGfbfj":{"type":"_product_bullet-points","settings":{}},"product_rating_6tMBic":{"type":"_product_rating","settings":{}},"product_price_zYdNhR":{"type":"_product_price","settings":{}},"product_variant_picker_FdhVEy":{"type":"_product_variant-picker","settings":{}},"product_quantity_selector_iWpj66":{"type":"_product_quantity-selector","settings":{}},"product_buy_buttons_bKJbtJ":{"type":"_product_buy-buttons","settings":{"show_gift_card_recipient":true,"dbtfy_addtocart_animation_enable":true,"dbtfy_addtocart_animation_type":"tada","dbtfy_addtocart_animation_interval":5,"dbtfy_addtocart_animation_duration":1}},"trust_badges_UdwpCm":{"type":"_trust_badges","settings":{"trust_badges_badge_type":"payment_options","show_heading":true,"show_subheading":true,"show_informative_text":true,"trust_badges_alignment_footer":"center"}},"product_description_FGbcXH":{"type":"_product_description","settings":{}},"product_tabs_Xeytqz":{"type":"_product_tabs","settings":{}},"product_customizable_products_M8nfhi":{"type":"_product_customizable-products","settings":{"heading":"Customizable products"}},"collapsible_content_JUap9G":{"type":"_collapsible-content","settings":{},"blocks":{"collapsible_con_block_Kp8rXM":{"type":"_collapsible-con-block","settings":{"heading":"Materials","icon":"leather","row_content":"","page":""}},"collapsible_con_block_Dk7EyX":{"type":"_collapsible-con-block","settings":{"heading":"Shipping & Returns","icon":"truck","row_content":"","page":""}},"collapsible_con_block_K3KP9K":{"type":"_collapsible-con-block","settings":{"heading":"Dimensions","icon":"ruler","row_content":"","page":""}},"collapsible_con_block_QPb4K7":{"type":"_collapsible-con-block","settings":{"heading":"Care Instructions","icon":"heart","row_content":"","page":""}}},"block_order":["collapsible_con_block_Kp8rXM","collapsible_con_block_Dk7EyX","collapsible_con_block_K3KP9K","collapsible_con_block_QPb4K7"]},"product_social_discount_dcJTjW":{"type":"_product_social-discount","settings":{"color_scheme":"scheme-1","custom_color_scheme":"","button_label":"Share and get {amount}{discount} off!","button_icon":"share","modal_title":"Share and get {amount}{discount} off!","modal_content":"Simply share this product on one of the following social networks and you will unlock {amount}{discount} off!","modal_thank_you_title":"Thank you for sharing {amount}{discount} off!","modal_thank_you_content":"Copy the discount code below and paste it at checkout to get your discount","modal_discount_label":"Apply discount code","discount_name":"Discount coupon code","discount_type":"%","discount_amount":"30","social_share_title":"Share on:","enable_facebook":true,"enable_twitter":true,"enable_pinterest":true,"enable_linkedin":true,"enable_whatsapp":true,"enable_email":true}}},"block_order":["product_text_yCdaE3","product_title_bMn9CL","product_bullet_points_wGfbfj","product_rating_6tMBic","product_price_zYdNhR","product_variant_picker_FdhVEy","product_quantity_selector_iWpj66","product_buy_buttons_bKJbtJ","trust_badges_UdwpCm","product_description_FGbcXH","product_tabs_Xeytqz","product_customizable_products_M8nfhi","collapsible_content_JUap9G","product_social_discount_dcJTjW"],"settings":{"product":"","show_on":"both","container_size":"page-width","enable_sticky_info":true,"media_size":"medium","constrain_to_viewport":true,"media_fit":"contain","gallery_layout":"thumbnail_slider","media_position":"left","mobile_thumbnails":"hide","hide_variants":false,"enable_video_looping":false,"enable_video_control":false,"enable_arrows":true,"arrow_color":"inherit","custom_arrow_color":"#ffffff","custom_arrow_background_color":"#7559ff","color_scheme":"scheme-2","custom_color_scheme":"","padding___top":"inherit","custom_padding_top":36,"padding___bottom":"inherit","custom_padding_bottom":36}},"dbtfy_countdown_sale_zBtYeF":{"type":"dbtfy-countdown-sale","blocks":{"cta_block_mRaPKB":{"type":"_cta_block","settings":{"padding___top":"none","custom_padding_top":36,"padding___bottom":"none","custom_padding_bottom":36},"blocks":{"title_VXmNpr":{"type":"_title","settings":{"title":"Countdown Sale","custom_color":false,"title_color":"#000000","alignment":"inherit","alignment_mobile":"","size":"h3","style":"inherit","padding___top":"inherit","custom_padding_top":36,"padding___bottom":"inherit","custom_padding_bottom":36}},"description_RXXCmd":{"type":"_description","settings":{"description":"<p>Use this section to showcase your offers that require a sense of urgency.<\/p>","alignment":"inherit","alignment_mobile":"","custom_bullet_icon":"","padding___top":"inherit","custom_padding_top":36,"padding___bottom":"inherit","custom_padding_bottom":36}},"single_button_hQRR8i":{"type":"_single_button","settings":{"button_label":"Shop Now","button_link":"shopify:\/\/collections","button_style":"button button--primary","button_size":"inherit","text_style":"inherit","button_icon_show":false,"button_icon":"shopping_cart","icon_position":"left","alignment":"justify-content-left","alignment_mobile":"","padding___top":"inherit","custom_padding_top":36,"padding___bottom":"inherit","custom_padding_bottom":36}}},"block_order":["title_VXmNpr","description_RXXCmd","single_button_hQRR8i"]},"countdown_sale_timer_Ln3yHP":{"type":"_countdown-sale-timer","settings":{"time":"","infinite_minutes":8787,"text_days":"Days","text_minutes":"Minutes","text_hours":"Hours","text_seconds":"Seconds","text_expired":"Offer has expired!","hide_on_expired":false}}},"block_order":["cta_block_mRaPKB","countdown_sale_timer_Ln3yHP"],"settings":{"color_scheme":"scheme-3","custom_color_scheme":"","padding___top":"inherit","custom_padding_top":36,"padding___bottom":"inherit","custom_padding_bottom":36}},"rich_text_BFb8Yz":{"type":"rich-text","blocks":{"title_YDxVEJ":{"type":"_title","settings":{"title":"Hello! Everyday for Women's","custom_color":false,"title_color":"#000000","alignment":"text-center","alignment_mobile":"","size":"inherit","style":"inherit","padding___top":"custom","custom_padding_top":0,"padding___bottom":"small","custom_padding_bottom":0}},"description_KqaRCJ":{"type":"_description","settings":{"description":"<p>Discover a collection of timeless wardrobe essentials, seamlessly transitioning from work to weekend. Inspired by travel, our America-designed pieces prioritize sustainability with natural fibers and mindful practices.<\/p>","alignment":"text-center","alignment_mobile":"","custom_bullet_icon":"","padding___top":"inherit","custom_padding_top":36,"padding___bottom":"inherit","custom_padding_bottom":36}}},"block_order":["title_YDxVEJ","description_KqaRCJ"],"settings":{"show_on":"both","container_size":"custom page-width","custom_container_size":820,"desktop_content_position":"center","color_scheme":"scheme-1","custom_color_scheme":"","padding___top":"large","custom_padding_top":36,"padding___bottom":"large","custom_padding_bottom":36}},"contact_form_gVVFRB":{"type":"contact-form","blocks":{"heading":{"type":"_heading","static":true,"settings":{"padding___top":"none","custom_padding_top":36,"padding___bottom":"none","custom_padding_bottom":36},"blocks":{"title_QVzqAr":{"type":"_title","settings":{"title":"Contact form","custom_color":false,"title_color":"#000000","alignment":"inherit","alignment_mobile":"","size":"inherit","style":"inherit","padding___top":"inherit","custom_padding_top":36,"padding___bottom":"inherit","custom_padding_bottom":36}}},"block_order":["title_QVzqAr"]},"dbtfy-contact-form":{"type":"_dbtfy-contact-form","static":true,"settings":{"row_gap":16,"column_gap":16},"blocks":{"dbtfy_cfb_input_block_F3N4Dg":{"type":"_dbtfy-cfb-input-block","settings":{"heading":"","label":"Your Name","required":true,"width_input":"half-width","error_message":"Please enter a name"}},"dbtfy_cfb_email_block_Hwe3fY":{"type":"_dbtfy-cfb-email-block","settings":{"heading":"","label":"Email","width_email":"half-width","error_message":"Please enter a valid email address"}},"dbtfy_cfb_phone_block_hF3wG7":{"type":"_dbtfy-cfb-phone-block","settings":{"heading":"","label":"Phone number","required":true,"width_phone":"full-width","error_message":"Please enter a phone number"}},"dbtfy_cfb_message_block_QieJ8k":{"type":"_dbtfy-cfb-message-block","settings":{"heading":"","label":"Message","min_height":20,"width_message":"full-width"}},"dbtfy_cfb_button_block_j3fmAt":{"type":"_dbtfy-cfb-button-block","settings":{"heading":"","icon":"","btn_style":"button button--primary","alignment":"text-left"}}},"block_order":["dbtfy_cfb_input_block_F3N4Dg","dbtfy_cfb_email_block_Hwe3fY","dbtfy_cfb_phone_block_hF3wG7","dbtfy_cfb_message_block_QieJ8k","dbtfy_cfb_button_block_j3fmAt"]}},"settings":{"container_size":"page-width","max_width":65,"color_scheme":"scheme-1","custom_color_scheme":"","padding___top":"inherit","custom_padding_top":36,"padding___bottom":"inherit","custom_padding_bottom":36}}},"order":["main","double_image_banner_FgVMy3","dbtfy_guarantee_PemLnD","featured_product_wH7j6V","dbtfy_countdown_sale_zBtYeF","rich_text_BFb8Yz","contact_form_gVVFRB"]}