{
  "sections": {
    "dbtfy-breadcrumbs": {
      "type": "dbtfy-breadcrumbs",
      "settings": {
        "show_on": "both",
        "show_social_media_icons": "both",
        "share_on_facebook": true,
        "share_on_messenger": true,
        "tweet_on_twitter": true,
        "pin_on_pinterest": true,
        "share_on_whatsapp": true,
        "share_on_linkedin": true,
        "share_on_reddit": true,
        "share_on_email": true,
        "color_scheme": "scheme-2",
        "custom_color_scheme": "",
        "padding___top": "small",
        "custom_padding_top": 36,
        "padding___bottom": "small",
        "custom_padding_bottom": 36
      }
    },
    "main": {
      "type": "main-page",
      "disabled": true,
      "settings": {
        "padding___top": "inherit",
        "custom_padding_top": 36,
        "padding___bottom": "inherit",
        "custom_padding_bottom": 36
      }
    },
    "custom_column_gEUHDq": {
      "type": "custom-column",
      "blocks": {
        "custom_column_AVmgaT": {
          "type": "_custom-column",
          "name": "Column",
          "settings": {
            "desktop_col_width": 12,
            "tablet_col_width": 12,
            "mobile_col_width": 12,
            "gap": 5,
            "text_alignment": "text-center"
          },
          "blocks": {
            "cc_subtitle_cxmMbD": {
              "type": "_cc-subtitle",
              "name": "Subtitle",
              "settings": {
                "title": "The Iconic Classic Leather Jacket",
                "alignment": "",
                "alignment_mobile": "",
                "size": "h2",
                "style": "inherit"
              },
              "blocks": {}
            },
            "cc_description_aqRjGe": {
              "type": "_cc-description",
              "name": "Description",
              "settings": {
                "description": "<p>A timeless piece that combines quality and effortless style</p>",
                "alignment": "",
                "alignment_mobile": "",
                "custom_bullet_icon": ""
              },
              "blocks": {}
            }
          },
          "block_order": ["cc_subtitle_cxmMbD", "cc_description_aqRjGe"]
        },
        "custom_column_kEj6RM": {
          "type": "_custom-column",
          "name": "Column",
          "settings": {
            "desktop_col_width": 12,
            "tablet_col_width": 12,
            "mobile_col_width": 12,
            "gap": 5,
            "text_alignment": ""
          },
          "blocks": {
            "row_Mg3myi": {
              "type": "_row",
              "name": "Row",
              "settings": {
                "text_alignment": "",
                "vertical_alignment": "center"
              },
              "blocks": {
                "custom_column_mprn7K": {
                  "type": "_custom-column",
                  "name": "Column",
                  "settings": {
                    "desktop_col_width": 4,
                    "tablet_col_width": 12,
                    "mobile_col_width": 12,
                    "gap": 15,
                    "text_alignment": ""
                  },
                  "blocks": {
                    "cc_icon_with_text_yDLmF6": {
                      "type": "_cc-icon_with_text",
                      "name": "Icon with text",
                      "settings": {
                        "icon": "diamond",
                        "title": "Premium Leather",
                        "size": "h3",
                        "style": "inherit",
                        "layout": "layout-1",
                        "description": "<p>Made with 100% genuine leather for a luxurious look and feel that lasts</p>"
                      },
                      "blocks": {}
                    },
                    "cc_icon_with_text_Ym6DWW": {
                      "type": "_cc-icon_with_text",
                      "name": "Icon with text",
                      "settings": {
                        "icon": "diamond",
                        "title": "Perfect Fit",
                        "size": "h3",
                        "style": "inherit",
                        "layout": "layout-1",
                        "description": "<p>Tailored for a comfortable fit that complements every body type</p>"
                      },
                      "blocks": {}
                    }
                  },
                  "block_order": ["cc_icon_with_text_yDLmF6", "cc_icon_with_text_Ym6DWW"]
                },
                "custom_column_jHekfM": {
                  "type": "_custom-column",
                  "name": "Column",
                  "settings": {
                    "desktop_col_width": 4,
                    "tablet_col_width": 12,
                    "mobile_col_width": 12,
                    "gap": 5,
                    "text_alignment": ""
                  },
                  "blocks": {
                    "cc_image_M9TJxT": {
                      "type": "_cc-image",
                      "name": "Image",
                      "settings": {
                        "width": 100,
                        "full_width": true,
                        "alignment": "text-left",
                        "alignment_mobile": ""
                      },
                      "blocks": {}
                    }
                  },
                  "block_order": ["cc_image_M9TJxT"]
                },
                "custom_column_w7dfad": {
                  "type": "_custom-column",
                  "name": "Column",
                  "settings": {
                    "desktop_col_width": 4,
                    "tablet_col_width": 12,
                    "mobile_col_width": 12,
                    "gap": 15,
                    "text_alignment": ""
                  },
                  "blocks": {
                    "cc_icon_with_text_fqDkNX": {
                      "type": "_cc-icon_with_text",
                      "name": "Icon with text",
                      "settings": {
                        "icon": "diamond",
                        "title": "Timeless Design",
                        "size": "h3",
                        "style": "inherit",
                        "layout": "layout-1",
                        "description": "<p>Classic design that never goes out of style</p>"
                      },
                      "blocks": {}
                    },
                    "cc_icon_with_text_XL7xdQ": {
                      "type": "_cc-icon_with_text",
                      "name": "Icon with text",
                      "settings": {
                        "icon": "diamond",
                        "title": "Durable Craftsmanship",
                        "size": "h3",
                        "style": "inherit",
                        "layout": "layout-1",
                        "description": "<p>Expertly crafted to maintain its shape and quality despite daily wear</p>"
                      },
                      "blocks": {}
                    }
                  },
                  "block_order": ["cc_icon_with_text_fqDkNX", "cc_icon_with_text_XL7xdQ"]
                }
              },
              "block_order": ["custom_column_mprn7K", "custom_column_jHekfM", "custom_column_w7dfad"]
            }
          },
          "block_order": ["row_Mg3myi"]
        }
      },
      "block_order": ["custom_column_AVmgaT", "custom_column_kEj6RM"],
      "name": "Custom Columns",
      "settings": {
        "show_on": "both",
        "container_size": "page-width",
        "color_scheme": "scheme-1",
        "custom_color_scheme": "",
        "padding___top": "inherit",
        "custom_padding_top": 36,
        "padding___bottom": "inherit",
        "custom_padding_bottom": 36
      }
    },
    "custom_column_9dKH6E": {
      "type": "custom-column",
      "blocks": {
        "custom_column_V7biKV": {
          "type": "_custom-column",
          "name": "Column",
          "settings": {
            "desktop_col_width": 12,
            "tablet_col_width": 12,
            "mobile_col_width": 12,
            "gap": 5,
            "text_alignment": "text-center"
          },
          "blocks": {
            "cc_subtitle_WLQ44H": {
              "type": "_cc-subtitle",
              "name": "Subtitle",
              "settings": {
                "title": "The Iconic Classic Leather Jacket",
                "alignment": "",
                "alignment_mobile": "",
                "size": "h2",
                "style": "inherit"
              },
              "blocks": {}
            },
            "cc_description_CHDtCw": {
              "type": "_cc-description",
              "name": "Description",
              "settings": {
                "description": "<p>A timeless piece that combines quality and effortless style</p>",
                "alignment": "",
                "alignment_mobile": "",
                "custom_bullet_icon": ""
              },
              "blocks": {}
            }
          },
          "block_order": [
            "cc_subtitle_WLQ44H",
            "cc_description_CHDtCw"
          ]
        },
        "custom_column_HkEfi6": {
          "type": "_custom-column",
          "name": "Column",
          "settings": {
            "desktop_col_width": 12,
            "tablet_col_width": 12,
            "mobile_col_width": 12,
            "gap": 5,
            "text_alignment": ""
          },
          "blocks": {
            "product_row_J7nYk8": {
              "type": "_product_row",
              "name": "Product Row",
              "settings": {
                "product": "6-seater-dining-table",
                "text_alignment": "",
                "vertical_alignment": "none"
              },
              "blocks": {
                "custom_column_P6EtNm": {
                  "type": "_custom-column",
                  "name": "Column",
                  "settings": {
                    "desktop_col_width": 4,
                    "tablet_col_width": 12,
                    "mobile_col_width": 12,
                    "gap": 5,
                    "text_alignment": ""
                  },
                  "blocks": {
                    "cc_product_media_6aWmE7": {
                      "type": "_cc-product-media",
                      "name": "Product Media",
                      "settings": {
                        "product": "{{ closest.product }}",
                        "enable_sticky_info": true,
                        "constrain_to_viewport": true,
                        "media_fit": "contain",
                        "image_ratio": "inherit",
                        "image_crop_position": "inherit",
                        "gallery_layout": "thumbnail_slider",
                        "mobile_thumbnails": "hide",
                        "hide_variants": false,
                        "enable_video_looping": false,
                        "enable_video_control": false,
                        "enable_arrows": true,
                        "arrow_color": "inherit",
                        "custom_arrow_color": "#ffffff",
                        "custom_arrow_background_color": "#7559ff"
                      },
                      "blocks": {}
                    }
                  },
                  "block_order": [
                    "cc_product_media_6aWmE7"
                  ]
                },
                "custom_column_cRcDyD": {
                  "type": "_custom-column",
                  "name": "Column",
                  "settings": {
                    "desktop_col_width": 8,
                    "tablet_col_width": 12,
                    "mobile_col_width": 12,
                    "gap": 5,
                    "text_alignment": ""
                  },
                  "blocks": {
                    "cc_product_title_tqh4tb": {
                      "type": "_cc_product_title",
                      "name": "Product Title",
                      "settings": {
                        "product": "{{ closest.product }}"
                      },
                      "blocks": {}
                    },
                    "cc_product_bullet_points_ifnnhQ": {
                      "type": "_cc_product_bullet-points",
                      "name": "Product bullet point",
                      "settings": {
                        "product": "{{ closest.product }}"
                      },
                      "blocks": {}
                    },
                    "cc_product_rating_mf7YL4": {
                      "type": "_cc_product_rating",
                      "name": "t:sections.main-product.blocks.rating.name",
                      "settings": {
                        "product": "{{ closest.product }}"
                      },
                      "blocks": {}
                    },
                    "cc_product_price_8gpWbL": {
                      "type": "_cc_product_price",
                      "name": "Product Price",
                      "settings": {
                        "hide_shipping_policy": true,
                        "product": "{{ closest.product }}"
                      },
                      "blocks": {}
                    },
                    "cc_product_variant_picker_NymjhQ": {
                      "type": "_cc_product_variant-picker",
                      "name": "Product Variant",
                      "settings": {
                        "product": "{{ closest.product }}"
                      },
                      "blocks": {}
                    },
                    "cc_product_quantity_selector_Mx9Er6": {
                      "type": "_cc_product_quantity-selector",
                      "name": "Product Quantity Selector",
                      "settings": {
                        "product": "{{ closest.product }}"
                      },
                      "blocks": {}
                    },
                    "cc_product_quantity_break_7wYgTK": {
                      "type": "_cc_product-quantity-break",
                      "name": "t:sections.main-product.blocks.quantity_breaks.name",
                      "settings": {},
                      "blocks": {}
                    },
                    "star_rating_9iCcY8": {
                      "type": "_star_rating",
                      "name": "t:blocks.star_rating.name",
                      "settings": {
                        "rating": 4,
                        "text": "1,350+ Reviews",
                        "text_alignment": "text-left",
                        "show_star_after_text": false
                      },
                      "blocks": {}
                    },
                    "cc_product_buy_buttons_djkhHi": {
                      "type": "_cc_product_buy-buttons",
                      "name": "Product Buy Buttons",
                      "settings": {
                        "product": "{{ closest.product }}",
                        "show_gift_card_recipient": true,
                        "dbtfy_addtocart_animation_enable": true,
                        "dbtfy_addtocart_animation_type": "tada",
                        "dbtfy_addtocart_animation_interval": 5,
                        "dbtfy_addtocart_animation_duration": 1
                      },
                      "blocks": {}
                    },
                    "trust_badges_Jgh646": {
                      "type": "_trust_badges",
                      "name": "t:sections.dbtfy-trust-badges.name",
                      "settings": {
                        "trust_badges_badge_type": "payment_options",
                        "show_heading": false,
                        "show_subheading": false,
                        "show_informative_text": false,
                        "trust_badges_alignment_footer": "left"
                      },
                      "blocks": {}
                    },
                    "cc_product_description_EWUpBC": {
                      "type": "_cc_product_description",
                      "name": "Product Description",
                      "settings": {
                        "product": "{{ closest.product }}",
                        "show_as_separate_section": false
                      },
                      "blocks": {}
                    },
                    "cc_product_tabs_8tXW9R": {
                      "type": "_cc_product_tabs",
                      "name": "t:sections.main-product.blocks.product_tabs.name",
                      "settings": {
                        "product": "{{ closest.product }}"
                      },
                      "blocks": {}
                    },
                    "cc_product_quantity_break_djsjdsa7hk": {
                      "type": "_cc_product-quantity-break",
                      "name": "t:sections.main-product.blocks.quantity_breaks.name",
                      "settings": {
                        "product": "{{ closest.product }}"
                      },
                      "blocks": {}
                    },
                    "product_customizable_products_qMkXwz": {
                      "type": "_product_customizable-products",
                      "name": "t:sections.main-product.blocks.customizable_products.name",
                      "settings": {
                        "heading": ""
                      },
                      "blocks": {}
                    },
                    "product_social_discount_4LX89X": {
                      "type": "_product_social-discount",
                      "name": "t:sections.main-product.blocks.social_discount.name",
                      "settings": {
                        "color_scheme": "scheme-1",
                        "custom_color_scheme": "",
                        "button_label": "Share and get {amount}{discount} off!",
                        "button_icon": "share",
                        "modal_title": "Share and get {amount}{discount} off!",
                        "modal_content": "Simply share this product on one of the following social networks and you will unlock {amount}{discount} off!",
                        "modal_thank_you_title": "Thank you for sharing {amount}{discount} off!",
                        "modal_thank_you_content": "Copy the discount code below and paste it at checkout to get your discount",
                        "modal_discount_label": "Apply discount code",
                        "discount_name": "Discount coupon code",
                        "discount_type": "%",
                        "discount_amount": "30",
                        "social_share_title": "Share on:",
                        "enable_facebook": true,
                        "enable_twitter": true,
                        "enable_pinterest": true,
                        "enable_linkedin": true,
                        "enable_whatsapp": true,
                        "enable_email": true
                      },
                      "blocks": {}
                    },
                    "cc_product_upsell_bLq6dy": {
                      "type": "_cc_product-upsell",
                      "name": "t:sections.main-product.blocks.upsell-bundles.name",
                      "settings": {
                        "product": "{{ closest.product }}",
                        "show_on": "both",
                        "button_style": "button button--primary",
                        "button_size": "inherit",
                        "total_price_label": "Total price:",
                        "button_label": "Add selected items",
                        "button_icon": "library_add_check",
                        "current_product_label": "Current Product",
                        "enable_rating": false,
                        "enable_automatic_bundles": true,
                        "count_in_bundle": "3",
                        "discount_code": "",
                        "discount_type": "%"
                      },
                      "blocks": {
                        "heading": {
                          "type": "_heading",
                          "static": true,
                          "settings": {
                            "padding___top": "none",
                            "custom_padding_top": 36,
                            "padding___bottom": "none",
                            "custom_padding_bottom": 36
                          },
                          "blocks": {
                            "title_CqitGC": {
                              "type": "_title",
                              "settings": {
                                "title": "Frequently bought together",
                                "custom_color": false,
                                "title_color": "#000000",
                                "alignment": "inherit",
                                "alignment_mobile": "",
                                "size": "h2",
                                "style": "inherit",
                                "padding___top": "inherit",
                                "custom_padding_top": 36,
                                "padding___bottom": "inherit",
                                "custom_padding_bottom": 36
                              },
                              "blocks": {}
                            }
                          },
                          "block_order": [
                            "title_CqitGC"
                          ]
                        }
                      },
                      "block_order": []
                    }
                  },
                  "block_order": [
                    "cc_product_title_tqh4tb",
                    "cc_product_bullet_points_ifnnhQ",
                    "cc_product_rating_mf7YL4",
                    "cc_product_price_8gpWbL",
                    "cc_product_variant_picker_NymjhQ",
                    "cc_product_quantity_selector_Mx9Er6",
                    "cc_product_quantity_break_7wYgTK",
                    "star_rating_9iCcY8",
                    "cc_product_buy_buttons_djkhHi",
                    "trust_badges_Jgh646",
                    "cc_product_description_EWUpBC",
                    "cc_product_tabs_8tXW9R",
                    "cc_product_quantity_break_djsjdsa7hk",
                    "product_customizable_products_qMkXwz",
                    "product_social_discount_4LX89X",
                    "cc_product_upsell_bLq6dy"
                  ]
                }
              },
              "block_order": [
                "custom_column_P6EtNm",
                "custom_column_cRcDyD"
              ]
            }
          },
          "block_order": [
            "product_row_J7nYk8"
          ]
        }
      },
      "block_order": [
        "custom_column_V7biKV",
        "custom_column_HkEfi6"
      ],
      "name": "Custom Columns",
      "settings": {
        "show_on": "both",
        "container_size": "page-width",
        "color_scheme": "scheme-1",
        "custom_color_scheme": "",
        "padding___top": "inherit",
        "custom_padding_top": 36,
        "padding___bottom": "inherit",
        "custom_padding_bottom": 36
      }
    },
    "custom_column_DLJPJg": {
      "type": "custom-column",
      "blocks": {
        "custom_column_EHLEWf": {
          "type": "_custom-column",
          "name": "Column",
          "settings": {
            "desktop_col_width": 12,
            "tablet_col_width": 12,
            "mobile_col_width": 12,
            "gap": 5,
            "text_alignment": "text-center"
          },
          "blocks": {
            "cc_subtitle_C7nkwL": {
              "type": "_cc-subtitle",
              "name": "Subtitle",
              "settings": {
                "title": "The Iconic Classic Leather Jacket",
                "alignment": "",
                "alignment_mobile": "",
                "size": "h2",
                "style": "inherit"
              },
              "blocks": {}
            },
            "cc_description_UdkApz": {
              "type": "_cc-description",
              "name": "Description",
              "settings": {
                "description": "<p>A timeless piece that combines quality and effortless style</p>",
                "alignment": "",
                "alignment_mobile": "",
                "custom_bullet_icon": ""
              },
              "blocks": {}
            }
          },
          "block_order": ["cc_subtitle_C7nkwL", "cc_description_UdkApz"]
        },
        "custom_column_yAXqLy": {
          "type": "_custom-column",
          "name": "Column",
          "settings": {
            "desktop_col_width": 12,
            "tablet_col_width": 12,
            "mobile_col_width": 12,
            "gap": 5,
            "text_alignment": ""
          },
          "blocks": {
            "row_kjztKq": {
              "type": "_row",
              "name": "Row",
              "settings": {
                "text_alignment": "",
                "vertical_alignment": "center"
              },
              "blocks": {
                "custom_column_JMzagL": {
                  "type": "_custom-column",
                  "name": "Column",
                  "settings": {
                    "desktop_col_width": 4,
                    "tablet_col_width": 12,
                    "mobile_col_width": 12,
                    "gap": 15,
                    "text_alignment": "text-center"
                  },
                  "blocks": {
                    "cc_icon_with_image_tqie4a": {
                      "type": "_cc-icon_with_image",
                      "name": "Icon with Image",
                      "settings": {
                        "image": "shopify://shop_images/350x350.jpg",
                        "width": 60,
                        "title": "Premium Leather",
                        "size": "h3",
                        "style": "inherit",
                        "layout": "layout-1",
                        "description": "<p>Made with 100% genuine leather for a luxurious look and feel that lasts</p>"
                      },
                      "blocks": {}
                    },
                    "cc_icon_with_image_4wrJib": {
                      "type": "_cc-icon_with_image",
                      "name": "Icon with Image",
                      "settings": {
                        "image": "shopify://shop_images/350x350.jpg",
                        "width": 60,
                        "title": "Perfect Fit",
                        "size": "h3",
                        "style": "inherit",
                        "layout": "layout-1",
                        "description": "<p>Tailored for a comfortable fit that complements every body type</p>"
                      },
                      "blocks": {}
                    }
                  },
                  "block_order": ["cc_icon_with_image_tqie4a", "cc_icon_with_image_4wrJib"]
                },
                "custom_column_WJdgr9": {
                  "type": "_custom-column",
                  "name": "Column",
                  "settings": {
                    "desktop_col_width": 4,
                    "tablet_col_width": 12,
                    "mobile_col_width": 12,
                    "gap": 5,
                    "text_alignment": ""
                  },
                  "blocks": {
                    "cc_video_e7fmKF": {
                      "type": "_cc-video",
                      "name": "t:sections.collage.blocks.video.name",
                      "settings": {
                        "video_url": "https://www.youtube.com/watch?v=_9VUPq3SxOc",
                        "description": "Describe the video"
                      },
                      "blocks": {}
                    }
                  },
                  "block_order": ["cc_video_e7fmKF"]
                },
                "custom_column_zBiyhE": {
                  "type": "_custom-column",
                  "name": "Column",
                  "settings": {
                    "desktop_col_width": 4,
                    "tablet_col_width": 12,
                    "mobile_col_width": 12,
                    "gap": 15,
                    "text_alignment": "text-center"
                  },
                  "blocks": {
                    "cc_icon_with_image_mMMPhW": {
                      "type": "_cc-icon_with_image",
                      "name": "Icon with Image",
                      "settings": {
                        "image": "shopify://shop_images/350x350.jpg",
                        "width": 60,
                        "title": "Timeless Design",
                        "size": "h3",
                        "style": "inherit",
                        "layout": "layout-1",
                        "description": "<p>Classic design that never goes out of style</p>"
                      },
                      "blocks": {}
                    },
                    "cc_icon_with_image_NBxn7N": {
                      "type": "_cc-icon_with_image",
                      "name": "Icon with Image",
                      "settings": {
                        "image": "shopify://shop_images/350x350.jpg",
                        "width": 60,
                        "title": "Durable Craftsmanship",
                        "size": "h3",
                        "style": "inherit",
                        "layout": "layout-1",
                        "description": "<p>Expertly crafted to maintain its shape and quality despite daily wear</p>"
                      },
                      "blocks": {}
                    }
                  },
                  "block_order": ["cc_icon_with_image_mMMPhW", "cc_icon_with_image_NBxn7N"]
                }
              },
              "block_order": ["custom_column_JMzagL", "custom_column_WJdgr9", "custom_column_zBiyhE"]
            }
          },
          "block_order": ["row_kjztKq"]
        }
      },
      "block_order": ["custom_column_EHLEWf", "custom_column_yAXqLy"],
      "name": "Custom Columns",
      "settings": {
        "show_on": "both",
        "container_size": "page-width",
        "color_scheme": "scheme-1",
        "custom_color_scheme": "",
        "padding___top": "inherit",
        "custom_padding_top": 36,
        "padding___bottom": "inherit",
        "custom_padding_bottom": 36
      }
    },
    "custom_column_LUd8Vz": {
      "type": "custom-column",
      "blocks": {
        "custom_column_QUi3Qt": {
          "type": "_custom-column",
          "name": "Column",
          "settings": {
            "desktop_col_width": 12,
            "tablet_col_width": 12,
            "mobile_col_width": 12,
            "gap": 5,
            "text_alignment": "text-center"
          },
          "blocks": {
            "cc_subtitle_cXc4eX": {
              "type": "_cc-subtitle",
              "name": "Subtitle",
              "settings": {
                "title": "Timeless Fashion Classic",
                "alignment": "",
                "alignment_mobile": "",
                "size": "h2",
                "style": "inherit"
              },
              "blocks": {}
            },
            "cc_description_QUFtGx": {
              "type": "_cc-description",
              "name": "Description",
              "settings": {
                "description": "<p>Discover versatile looks that effortlessly blend with every outfit</p>",
                "alignment": "",
                "alignment_mobile": "",
                "custom_bullet_icon": ""
              },
              "blocks": {}
            },
            "row_LRTFAp": {
              "type": "_row",
              "name": "Row",
              "settings": {
                "text_alignment": "",
                "vertical_alignment": "none"
              },
              "blocks": {
                "cc_video_K4yiaf": {
                  "type": "_cc-video",
                  "name": "t:sections.collage.blocks.video.name",
                  "settings": {
                    "cover_image": "shopify://shop_images/highest_mountain_peak-wallpaper-3840x2160.jpg",
                    "video_url": "https://www.youtube.com/watch?v=dEz2TKQGFfY",
                    "description": "Describe the video"
                  },
                  "blocks": {}
                }
              },
              "block_order": ["cc_video_K4yiaf"]
            },
            "footer_newsletter_GVxCpr": {
              "type": "_footer-newsletter",
              "name": "t:sections.newsletter.name",
              "settings": {
                "show_newsletter_first_name": false,
                "enable_newsletter_opt_in_checkbox": true,
                "customer_tag": "newsletter",
                "label_name": "Full name",
                "label_email": "Email",
                "label_opt_checkbox": "Subscribe to email marketing"
              },
              "blocks": {}
            }
          },
          "block_order": ["cc_subtitle_cXc4eX", "cc_description_QUFtGx", "row_LRTFAp", "footer_newsletter_GVxCpr"]
        }
      },
      "block_order": ["custom_column_QUi3Qt"],
      "name": "Custom Columns",
      "settings": {
        "show_on": "both",
        "container_size": "page-width",
        "color_scheme": "scheme-1",
        "custom_color_scheme": "",
        "padding___top": "inherit",
        "custom_padding_top": 36,
        "padding___bottom": "inherit",
        "custom_padding_bottom": 36
      }
    },
    "custom_column_eGCGhD": {
      "type": "custom-column",
      "blocks": {
        "custom_column_9NenKp": {
          "type": "_custom-column",
          "name": "Column",
          "settings": {
            "desktop_col_width": 12,
            "tablet_col_width": 12,
            "mobile_col_width": 12,
            "gap": 5,
            "text_alignment": "text-center"
          },
          "blocks": {
            "cc_title_JpbX3c": {
              "type": "_cc-title",
              "name": "Title",
              "settings": {
                "title": "The Iconic Classic Leather Jacket",
                "alignment": "",
                "alignment_mobile": "",
                "size": "h2",
                "style": "inherit"
              },
              "blocks": {}
            },
            "cc_description_wxH8aY": {
              "type": "_cc-description",
              "name": "Description",
              "settings": {
                "description": "<p>A timeless piece that combines quality and effortless style</p>",
                "alignment": "",
                "alignment_mobile": "",
                "custom_bullet_icon": ""
              },
              "blocks": {}
            }
          },
          "block_order": ["cc_title_JpbX3c", "cc_description_wxH8aY"]
        },
        "custom_column_eiMfx8": {
          "type": "_custom-column",
          "name": "Column",
          "settings": {
            "desktop_col_width": 12,
            "tablet_col_width": 12,
            "mobile_col_width": 12,
            "gap": 5,
            "text_alignment": ""
          },
          "blocks": {
            "row_tgVc9R": {
              "type": "_row",
              "name": "Row",
              "settings": {
                "text_alignment": "",
                "vertical_alignment": "center"
              },
              "blocks": {
                "custom_column_FNhCf9": {
                  "type": "_custom-column",
                  "name": "Column",
                  "settings": {
                    "desktop_col_width": 7,
                    "tablet_col_width": 12,
                    "mobile_col_width": 12,
                    "gap": 25,
                    "text_alignment": "text-left"
                  },
                  "blocks": {
                    "cc_description_gEBEFm": {
                      "type": "_cc-description",
                      "name": "Description",
                      "settings": {
                        "description": "<ul><li>Made with 100% genuine leather for a luxurious look and feel that lasts</li><li>Expertly crafted to maintain its shape and quality despite daily wear</li></ul>",
                        "alignment": "",
                        "alignment_mobile": "",
                        "custom_bullet_icon": "check"
                      },
                      "blocks": {}
                    },
                    "cc_faq_FyDTjc": {
                      "type": "_cc-faq",
                      "name": "FAQ",
                      "settings": {},
                      "blocks": {
                        "dbtfy_faq_question_wcMwDr": {
                          "type": "_dbtfy-faq-question",
                          "name": "Faq Questions",
                          "settings": {
                            "heading": "",
                            "open_by_default": false,
                            "question": "Question",
                            "answer": "<p>This is your answer.</p>",
                            "icon": "phone"
                          },
                          "blocks": {}
                        },
                        "dbtfy_faq_question_cNnyYA": {
                          "type": "_dbtfy-faq-question",
                          "name": "Faq Questions",
                          "settings": {
                            "heading": "",
                            "open_by_default": false,
                            "question": "Question",
                            "answer": "<p>This is your answer.</p>",
                            "icon": ""
                          },
                          "blocks": {}
                        },
                        "dbtfy_faq_question_UnRRe7": {
                          "type": "_dbtfy-faq-question",
                          "name": "Faq Questions",
                          "settings": {
                            "heading": "",
                            "open_by_default": false,
                            "question": "Question",
                            "answer": "<p>This is your answer.</p>",
                            "icon": ""
                          },
                          "blocks": {}
                        }
                      },
                      "block_order": [
                        "dbtfy_faq_question_wcMwDr",
                        "dbtfy_faq_question_cNnyYA",
                        "dbtfy_faq_question_UnRRe7"
                      ]
                    },
                    "cc_double_button_Gdd7YR": {
                      "type": "_cc-double_button",
                      "name": "Double Button",
                      "settings": {
                        "button_label_1": "Button Label",
                        "button_link_1": "#",
                        "button_style_1": "button button--secondary",
                        "button_size_1": "inherit",
                        "text_style_first": "inherit",
                        "button_1_icon_show": false,
                        "button_1_icon": "shopping_cart",
                        "icon_position_1": "left",
                        "button_label_2": "Button Label",
                        "button_link_2": "#",
                        "button_style_2": "button button--primary",
                        "button_size_2": "inherit",
                        "text_style_second": "inherit",
                        "button_2_icon_show": false,
                        "button_2_icon": "shopping_cart",
                        "icon_position_2": "left",
                        "alignment": "justify-content-left",
                        "alignment_mobile": ""
                      },
                      "blocks": {}
                    }
                  },
                  "block_order": ["cc_description_gEBEFm", "cc_faq_FyDTjc", "cc_double_button_Gdd7YR"]
                },
                "custom_column_dWgiXW": {
                  "type": "_custom-column",
                  "name": "Column",
                  "settings": {
                    "desktop_col_width": 5,
                    "tablet_col_width": 12,
                    "mobile_col_width": 12,
                    "gap": 5,
                    "text_alignment": ""
                  },
                  "blocks": {
                    "cc_image_VjEJxd": {
                      "type": "_cc-image",
                      "name": "Image",
                      "settings": {
                        "width": 100,
                        "full_width": true,
                        "alignment": "text-left",
                        "alignment_mobile": ""
                      },
                      "blocks": {}
                    }
                  },
                  "block_order": ["cc_image_VjEJxd"]
                }
              },
              "block_order": ["custom_column_FNhCf9", "custom_column_dWgiXW"]
            }
          },
          "block_order": ["row_tgVc9R"]
        }
      },
      "block_order": ["custom_column_9NenKp", "custom_column_eiMfx8"],
      "name": "Custom Columns",
      "settings": {
        "show_on": "both",
        "container_size": "page-width",
        "color_scheme": "scheme-1",
        "custom_color_scheme": "",
        "padding___top": "inherit",
        "custom_padding_top": 36,
        "padding___bottom": "inherit",
        "custom_padding_bottom": 36
      }
    }
  },
  "order": [
    "dbtfy-breadcrumbs",
    "main",
    "custom_column_gEUHDq",
    "custom_column_9dKH6E",
    "custom_column_DLJPJg",
    "custom_column_LUd8Vz",
    "custom_column_eGCGhD"
  ]
}
