{
  "sections": {
    "dbtfy_separator_j4c76k": {
      "type": "dbtfy-separator",
      "settings": {
        "container_size": "",
        "padding___top": "none",
        "padding___bottom": "none"
      }
    },
    "dbtfy_breadcrumbs_mBHgaa": {
      "type": "dbtfy-breadcrumbs",
      "settings": {
        "breadcrumbs": true,
        "show_on": "desktop-only",
        "show_social_media_icons": "both",
        "share_on_facebook": true,
        "share_on_messenger": true,
        "tweet_on_twitter": true,
        "pin_on_pinterest": true,
        "share_on_whatsapp": true,
        "share_on_linkedin": true,
        "share_on_reddit": true,
        "share_on_email": true,
        "padding___top": "small",
        "padding___bottom": "small",
        "color_scheme": "scheme-1"
      }
    },
    "dbtfy_separator_zt96D7": {
      "type": "dbtfy-separator",
      "settings": {
        "container_size": "",
        "padding___top": "none",
        "padding___bottom": "none"
      }
    },
    "rich_text_b7T7fY": {
      "type": "rich-text",
      "blocks": {
        "title_7y99jW": {
          "type": "_title",
          "settings": {
            "title": "Wishlist Wonders: Find all your favorites here!",
            "size": "h3",
            "alignment": "text-center"
          }
        },
        "description_JxXaTE": {
          "type": "_description",
          "settings": {
            "description": "<p>Organize your desired items on the wishlist page. Easily revisit your selections and plan for your next order with ease.</p>",
            "alignment": "text-center"
          }
        }
      },
      "block_order": ["title_7y99jW", "description_JxXaTE"],
      "settings": {
        "desktop_content_position": "center",
        "color_scheme": "scheme-1",
        "full_width": true,
        "padding_top": 40,
        "padding_bottom": 0
      }
    },
    "dbtfy_wishlist_Q96PBc": {
      "type": "dbtfy-wishlist",
      "settings": {
        "heading": "",
        "heading_size": "h1",
        "empty_heading": "Your wishlist is empty",
        "empty_heading_size": "h2",
        "color": "scheme-2"
      }
    }
  },
  "order": [
    "dbtfy_separator_j4c76k",
    "dbtfy_breadcrumbs_mBHgaa",
    "dbtfy_separator_zt96D7",
    "rich_text_b7T7fY",
    "dbtfy_wishlist_Q96PBc"
  ]
}
