{"sections":{"dbtfy_map_qazU9x":{"type":"dbtfy-map","blocks":{"cta_block":{"type":"_cta_block","static":true,"settings":{"padding___top":"none","custom_padding_top":36,"padding___bottom":"none","custom_padding_bottom":36},"blocks":{"title_9iyzH9":{"type":"_title","settings":{"title":"Our store","custom_color":false,"title_color":"#000000","alignment":"text-center","alignment_mobile":"","size":"inherit","style":"inherit","padding___top":"inherit","custom_padding_top":36,"padding___bottom":"custom","custom_padding_bottom":0}},"description_icWxk7":{"type":"_description","settings":{"description":"<p>123 Fake St.<br>Toronto, Canada<\/p><p>Mon - Fri, 10am - 9pm<br>Saturday, 11am - 9pm<br>Sunday, 11am - 5pm<\/p>","alignment":"text-center","alignment_mobile":"","custom_bullet_icon":"","padding___top":"inherit","custom_padding_top":36,"padding___bottom":"inherit","custom_padding_bottom":36}}},"block_order":["title_9iyzH9","description_icWxk7"]}},"settings":{"show_on":"both","show_content_box":true,"content_max_width":400,"map_address":"490 Rue De La Gauchetière O, Montréal","button_label":"Get directions","button_icon":"location_on","view_all_style":"button button--secondary","button_size":"inherit","api_key":"","image":"shopify:\/\/shop_images\/map.png","image_alignment":"center-center","container_size":"container-full","container_color_scheme":"scheme-2","custom_container_color_scheme":"","color_scheme":"scheme-1","custom_color_scheme":"","padding___top":"custom","custom_padding_top":0,"padding___bottom":"custom","custom_padding_bottom":0}},"main":{"type":"main-page","disabled":true,"settings":{"padding___top":"inherit","custom_padding_top":36,"padding___bottom":"inherit","custom_padding_bottom":36}},"form":{"type":"contact-form","blocks":{"heading":{"type":"_heading","static":true,"settings":{"padding___top":"none","custom_padding_top":36,"padding___bottom":"none","custom_padding_bottom":36},"blocks":{"caption_3C7XUT":{"type":"_caption","settings":{"caption":"Say hello","alignment":"text-center","alignment_mobile":"","text_style":"caption-with-letter-spacing","padding___top":"inherit","custom_padding_top":36,"padding___bottom":"inherit","custom_padding_bottom":36}},"title_jLQgHn":{"type":"_title","settings":{"title":"Contact Us","custom_color":false,"title_color":"#000000","alignment":"text-center","alignment_mobile":"","size":"inherit","style":"inherit","padding___top":"inherit","custom_padding_top":36,"padding___bottom":"inherit","custom_padding_bottom":36}},"description_XfAcPV":{"type":"_description","settings":{"description":"<p>To let us know how we can improve your shopping experience, or to ask a specific question about your order, find our contact information below.<\/p>","alignment":"text-center","alignment_mobile":"","custom_bullet_icon":"","padding___top":"inherit","custom_padding_top":36,"padding___bottom":"small","custom_padding_bottom":36}}},"block_order":["caption_3C7XUT","title_jLQgHn","description_XfAcPV"]},"dbtfy-contact-form":{"type":"_dbtfy-contact-form","static":true,"settings":{"row_gap":16,"column_gap":16},"blocks":{"input":{"type":"_dbtfy-cfb-input-block","settings":{"heading":"","label":"Your Name","required":true,"width_input":"half-width","error_message":"Please enter a name"}},"email":{"type":"_dbtfy-cfb-email-block","settings":{"heading":"","label":"Email","width_email":"half-width","error_message":"Please enter a valid email address"}},"phone":{"type":"_dbtfy-cfb-phone-block","settings":{"heading":"","label":"Phone number","required":true,"width_phone":"full-width","error_message":"Please enter a phone number"}},"message":{"type":"_dbtfy-cfb-message-block","settings":{"heading":"","label":"Message","min_height":20,"width_message":"full-width"}},"button":{"type":"_dbtfy-cfb-button-block","settings":{"heading":"","icon":"","btn_style":"button button--primary","alignment":"text-right"}}},"block_order":["input","email","phone","message","button"]}},"settings":{"container_size":"page-width","max_width":65,"color_scheme":"scheme-1","custom_color_scheme":"","padding___top":"inherit","custom_padding_top":36,"padding___bottom":"inherit","custom_padding_bottom":36}}},"order":["dbtfy_map_qazU9x","main","form"]}