{
  "sections": {
    "dbtfy-breadcrumbs": {
      "type": "dbtfy-breadcrumbs",
      "settings": {
        "show_on": "both",
        "show_social_media_icons": "both",
        "share_on_facebook": true,
        "share_on_messenger": true,
        "tweet_on_twitter": true,
        "pin_on_pinterest": true,
        "share_on_whatsapp": true,
        "share_on_linkedin": true,
        "share_on_reddit": true,
        "share_on_email": true,
        "color_scheme": "scheme-4",
        "custom_color_scheme": "",
        "padding___top": "small",
        "custom_padding_top": 36,
        "padding___bottom": "small",
        "custom_padding_bottom": 36
      }
    },
    "main": {
      "type": "main-product",
      "blocks": {
        "product_text_J6CJTc": {
          "type": "_product_text",
          "settings": { "text": "{{ closest.product.vendor }}", "text_style": "uppercase" }
        },
        "product_title_L8Vi4N": { "type": "_product_title", "settings": {} },
        "product_text_GNJ9rW": {
          "type": "_product_text",
          "settings": { "text": "{{ product.metafields.descriptors.subtitle.value }}", "text_style": "subtitle" }
        },
        "dbtfy_product_bullet_points_hd76s": { "type": "_product_bullet-points", "settings": {} },
        "product_rating_jKmprJ": { "type": "_product_rating", "settings": {} },
        "product_price_AcU9Ak": { "type": "_product_price", "settings": {} },
        "inventory_threshold_dst": {
          "type": "_inventory_quantity",
          "settings": {
            "icon": "history",
            "threshold": "Only {STOCK} items in stock!",
            "instock": "In stock",
            "inventory_threshold": 4
          }
        },
        "product_variant_picker_EgQCU4": { "type": "_product_variant-picker", "settings": {} },
        "product_quantity_selector_mGAdyy": { "type": "_product_quantity-selector", "settings": {} },
        "product_quantity_breaks_g97BKa": { "type": "_product_quantity-breaks", "settings": {} },
        "product_buy_buttons_6XxfAP": {
          "type": "_product_buy-buttons",
          "settings": {
            "show_gift_card_recipient": true,
            "dbtfy_addtocart_animation_enable": true,
            "dbtfy_addtocart_animation_type": "tada",
            "dbtfy_addtocart_animation_interval": 5,
            "dbtfy_addtocart_animation_duration": 2
          }
        },
        "trust_badges_gs6e": {
          "type": "_trust_badges",
          "settings": {
            "trust_badges_badge_type": "payment_options",
            "show_heading": true,
            "show_subheading": true,
            "show_informative_text": true,
            "trust_badges_alignment_footer": "center"
          }
        },
        "product_description_cehQxn": { "type": "_product_description", "settings": {} },
        "product_tabs_nd7dT": { "type": "_product_tabs", "settings": {} },
        "dbtfy_customizable_f6R": { "type": "_product_customizable-products", "settings": { "heading": "" } },
        "collapsible_content_fQfe9b": {
          "type": "_collapsible-content",
          "settings": {},
          "blocks": {
            "collapsible_con_block_LJ4GdW": {
              "type": "_collapsible-con-block",
              "settings": { "heading": "Materials", "icon": "leather", "row_content": "", "page": "" }
            },
            "collapsible_con_block_eV6Bnb": {
              "type": "_collapsible-con-block",
              "settings": { "heading": "Shipping & Returns", "icon": "truck", "row_content": "", "page": "" }
            },
            "collapsible_con_block_H3b9VR": {
              "type": "_collapsible-con-block",
              "settings": { "heading": "Dimensions", "icon": "ruler", "row_content": "", "page": "" }
            },
            "collapsible_con_block_UXqDXH": {
              "type": "_collapsible-con-block",
              "settings": { "heading": "Care Instructions", "icon": "heart", "row_content": "", "page": "" }
            }
          },
          "block_order": [
            "collapsible_con_block_LJ4GdW",
            "collapsible_con_block_eV6Bnb",
            "collapsible_con_block_H3b9VR",
            "collapsible_con_block_UXqDXH"
          ]
        },
        "product_social_discount_wBaEYM": {
          "type": "_product_social-discount",
          "settings": {
            "color_scheme": "scheme-1",
            "custom_color_scheme": "",
            "button_label": "Share and get {amount}{discount} off!",
            "button_icon": "share",
            "modal_title": "Share and get {amount}{discount} off!",
            "modal_content": "Simply share this product on one of the following social networks and you will unlock {amount}{discount} off!",
            "modal_thank_you_title": "Thank you for sharing {amount}{discount} off!",
            "modal_thank_you_content": "Copy the discount code below and paste it at checkout to get your discount",
            "modal_discount_label": "Apply discount code",
            "discount_name": "Debutify",
            "discount_type": "%",
            "discount_amount": "30",
            "social_share_title": "Share on:",
            "enable_facebook": true,
            "enable_twitter": true,
            "enable_pinterest": true,
            "enable_linkedin": true,
            "enable_whatsapp": true,
            "enable_email": true
          }
        },
        "product_upsell_bundles_QKRKxe": {
          "type": "_product_upsell-bundles",
          "settings": {
            "product": "",
            "show_on": "both",
            "button_style": "button button--primary",
            "button_size": "inherit",
            "total_price_label": "Total price:",
            "button_label": "Add selected items",
            "button_icon": "library_add_check",
            "current_product_label": "Current Product",
            "enable_rating": false,
            "enable_automatic_bundles": true,
            "count_in_bundle": "3",
            "discount_code": "",
            "discount_type": "%"
          },
          "blocks": {
            "heading": {
              "type": "_heading",
              "static": true,
              "settings": {
                "padding___top": "none",
                "custom_padding_top": 36,
                "padding___bottom": "none",
                "custom_padding_bottom": 36
              },
              "blocks": {
                "title_mhdYCc": {
                  "type": "_title",
                  "settings": {
                    "title": "Frequently bought together",
                    "custom_color": false,
                    "title_color": "#000000",
                    "alignment": "inherit",
                    "alignment_mobile": "",
                    "size": "h2",
                    "style": "inherit",
                    "padding___top": "inherit",
                    "custom_padding_top": 36,
                    "padding___bottom": "inherit",
                    "custom_padding_bottom": 36
                  }
                }
              },
              "block_order": ["title_mhdYCc"]
            }
          },
          "block_order": []
        }
      },
      "block_order": [
        "product_text_J6CJTc",
        "product_title_L8Vi4N",
        "product_text_GNJ9rW",
        "dbtfy_product_bullet_points_hd76s",
        "product_rating_jKmprJ",
        "product_price_AcU9Ak",
        "inventory_threshold_dst",
        "product_variant_picker_EgQCU4",
        "product_quantity_selector_mGAdyy",
        "product_quantity_breaks_g97BKa",
        "product_buy_buttons_6XxfAP",
        "trust_badges_gs6e",
        "product_description_cehQxn",
        "product_tabs_nd7dT",
        "dbtfy_customizable_f6R",
        "collapsible_content_fQfe9b",
        "product_social_discount_wBaEYM",
        "product_upsell_bundles_QKRKxe"
      ],
      "settings": {
        "enable_sticky_info": true,
        "color_scheme": "scheme-1",
        "custom_color_scheme": "",
        "media_size": "medium",
        "constrain_to_viewport": true,
        "media_fit": "contain",
        "gallery_layout": "stacked",
        "media_position": "left",
        "mobile_thumbnails": "hide",
        "hide_variants": true,
        "enable_video_looping": false,
        "enable_video_control": false,
        "enable_arrows": true,
        "arrow_color": "inherit",
        "custom_arrow_color": "#ffffff",
        "custom_arrow_background_color": "#7559ff",
        "padding___top": "inherit",
        "custom_padding_top": 36,
        "padding___bottom": "inherit",
        "custom_padding_bottom": 36
      }
    },
    "dbtfy-product-tabs": { "type": "dbtfy-product-tabs", "settings": {} },
    "common-reviews-widget": {
      "type": "common-reviews-widget",
      "settings": {
        "full_width": false,
        "enable_color_scheme": false,
        "color_scheme": "scheme-1",
        "custom_color_scheme": ""
      }
    },
    "rich_text_kEXVnh": {
      "type": "rich-text",
      "blocks": {
        "caption_At8VYV": {
          "type": "_caption",
          "settings": {
            "caption": "Effortless Elegance",
            "alignment": "text-center",
            "alignment_mobile": "",
            "text_style": "caption-with-letter-spacing",
            "padding___top": "inherit",
            "custom_padding_top": 36,
            "padding___bottom": "inherit",
            "custom_padding_bottom": 36
          }
        },
        "title_PNNRLm": {
          "type": "_title",
          "settings": {
            "title": "SOFT NEUTRALS AND",
            "custom_color": false,
            "title_color": "#000000",
            "alignment": "text-center",
            "alignment_mobile": "",
            "size": "inherit",
            "style": "inherit",
            "padding___top": "custom",
            "custom_padding_top": 0,
            "padding___bottom": "custom",
            "custom_padding_bottom": 0
          }
        },
        "title_HniNzt": {
          "type": "_title",
          "settings": {
            "title": "UNDERSTATED LUXURY FABRICS",
            "custom_color": false,
            "title_color": "#000000",
            "alignment": "text-center",
            "alignment_mobile": "",
            "size": "inherit",
            "style": "inherit",
            "padding___top": "custom",
            "custom_padding_top": 0,
            "padding___bottom": "custom",
            "custom_padding_bottom": 0
          }
        },
        "description_cmUGHk": {
          "type": "_description",
          "settings": {
            "description": "<p>Designed for the modern woman who values both style and sophistication, this curated selection blends classic silhouettes with contemporary details. From perfectly tailored blazers to fluid silk blouses and elegant midi dresses, each piece is crafted with precision to elevate your wardrobe for any occasion.</p>",
            "alignment": "text-center",
            "alignment_mobile": "",
            "custom_bullet_icon": "",
            "padding___top": "inherit",
            "custom_padding_top": 36,
            "padding___bottom": "inherit",
            "custom_padding_bottom": 36
          }
        }
      },
      "block_order": ["caption_At8VYV", "title_PNNRLm", "title_HniNzt", "description_cmUGHk"],
      "settings": {
        "show_on": "both",
        "container_size": "custom page-width",
        "custom_container_size": 910,
        "desktop_content_position": "center",
        "color_scheme": "scheme-1",
        "custom_color_scheme": "",
        "padding___top": "inherit",
        "custom_padding_top": 36,
        "padding___bottom": "inherit",
        "custom_padding_bottom": 36
      }
    },
    "dbtfy_image_banner_4rYewJ": {
      "type": "dbtfy-image-banner",
      "blocks": {
        "cta_block": {
          "type": "_cta_block",
          "disabled": true,
          "static": true,
          "settings": {
            "padding___top": "none",
            "custom_padding_top": 36,
            "padding___bottom": "none",
            "custom_padding_bottom": 36
          },
          "blocks": {
            "description_FeVaEm": {
              "type": "_description",
              "settings": {
                "description": "<p>Use overlay text to give your customers insight into your brand. Select imagery and text that relates to your story.</p>",
                "alignment": "text-center",
                "alignment_mobile": "",
                "custom_bullet_icon": "",
                "padding___top": "inherit",
                "custom_padding_top": 36,
                "padding___bottom": "inherit",
                "custom_padding_bottom": 36
              }
            },
            "double_button_88rJ3H": {
              "type": "_double_button",
              "settings": {
                "button_label_1": "Shop now",
                "button_link_1": "",
                "button_style_1": "button button--primary",
                "button_size_1": "inherit",
                "text_style_first": "inherit",
                "button_1_icon_show": false,
                "button_1_icon": "shopping_cart",
                "icon_position_1": "left",
                "button_label_2": "learn more",
                "button_link_2": "",
                "button_style_2": "button button--secondary",
                "button_size_2": "inherit",
                "text_style_second": "inherit",
                "button_2_icon_show": false,
                "button_2_icon": "shopping_cart",
                "icon_position_2": "left",
                "alignment": "justify-content-center",
                "alignment_mobile": "",
                "padding___top": "inherit",
                "custom_padding_top": 36,
                "padding___bottom": "inherit",
                "custom_padding_bottom": 36
              }
            }
          },
          "block_order": ["description_FeVaEm", "double_button_88rJ3H"]
        }
      },
      "settings": {
        "show_on": "both",
        "section_height": "adapt",
        "section_height_mobile": "medium",
        "image_overlay_opacity": 0,
        "show_text_box": false,
        "image": "shopify://shop_images/single-image.jpg",
        "image_alignment": "center-center",
        "image_alignment_mobile": "center-center",
        "image_link": "",
        "text_position": "middle",
        "text_position_mobile": "middle",
        "color_scheme": "scheme-2",
        "custom_color_scheme": ""
      }
    },
    "multicolumn": {
      "type": "multicolumn",
      "blocks": {
        "heading": {
          "type": "_heading",
          "static": true,
          "settings": {
            "padding___top": "none",
            "custom_padding_top": 36,
            "padding___bottom": "none",
            "custom_padding_bottom": 36
          }
        },
        "multicolumn": {
          "type": "_multicolumn",
          "static": true,
          "settings": {},
          "blocks": {
            "multicolumn_block_QqtcUc": { "type": "_multicolumn-block", "settings": {} },
            "multicolumn_block_fPnTwb": { "type": "_multicolumn-block", "settings": {} }
          },
          "block_order": ["multicolumn_block_QqtcUc", "multicolumn_block_fPnTwb"]
        }
      },
      "settings": {
        "show_on": "both",
        "container_size": "page-width",
        "image_width": "full",
        "image_ratio": "inherit",
        "image_crop_position": "inherit",
        "columns_desktop": 2,
        "column_alignment": "left",
        "background_style": "none",
        "button_label": "",
        "button_link": "",
        "button_style": "button button--primary",
        "button_size": "inherit",
        "columns_mobile": "1",
        "slider_on": "mobile",
        "enable_autoplay": false,
        "autoplay_speed": 5,
        "enable_loop": true,
        "enable_dots": true,
        "enable_arrows": true,
        "arrow_color": "inherit",
        "custom_arrow_color": "#ffffff",
        "custom_arrow_background_color": "#7559ff",
        "arrow_position": "bottom",
        "color_scheme": "scheme-1",
        "custom_color_scheme": "",
        "padding___top": "inherit",
        "custom_padding_top": 36,
        "padding___bottom": "inherit",
        "custom_padding_bottom": 36
      }
    },
    "double_image_banner_mTme8X": {
      "type": "double-image-banner",
      "blocks": {
        "cta_block": {
          "type": "_cta_block",
          "disabled": true,
          "static": true,
          "settings": {
            "padding___top": "none",
            "custom_padding_top": 36,
            "padding___bottom": "none",
            "custom_padding_bottom": 36
          },
          "blocks": {
            "description_HjkiHj": {
              "type": "_description",
              "settings": {
                "description": "<p>Welcome industry insiders</p>",
                "alignment": "text-center",
                "alignment_mobile": "",
                "custom_bullet_icon": "",
                "padding___top": "inherit",
                "custom_padding_top": 36,
                "padding___bottom": "inherit",
                "custom_padding_bottom": 36
              }
            },
            "title_yeYaXG": {
              "type": "_title",
              "settings": {
                "title": "Grow your business with us",
                "custom_color": false,
                "title_color": "#000000",
                "alignment": "text-center",
                "alignment_mobile": "",
                "size": "inherit",
                "style": "inherit",
                "padding___top": "inherit",
                "custom_padding_top": 36,
                "padding___bottom": "inherit",
                "custom_padding_bottom": 36
              }
            },
            "single_button_XqeU8G": {
              "type": "_single_button",
              "settings": {
                "button_label": "Explore",
                "button_link": "shopify://collections",
                "button_style": "button button--primary",
                "button_size": "inherit",
                "text_style": "inherit",
                "button_icon_show": false,
                "button_icon": "shopping_cart",
                "icon_position": "left",
                "alignment": "justify-content-center",
                "alignment_mobile": "",
                "padding___top": "inherit",
                "custom_padding_top": 36,
                "padding___bottom": "inherit",
                "custom_padding_bottom": 36
              }
            }
          },
          "block_order": ["description_HjkiHj", "title_yeYaXG", "single_button_XqeU8G"]
        }
      },
      "settings": {
        "image": "shopify://shop_images/a11.jpg",
        "image_2": "shopify://shop_images/a10.jpg",
        "image_overlay_opacity": 0,
        "image_height": "medium",
        "image_height_mobile": "medium",
        "desktop_content_position": "middle-center",
        "show_text_box": false,
        "image_behavior": "none",
        "stack_images_on_mobile": true,
        "show_text_below": true,
        "color_scheme": "scheme-1",
        "custom_color_scheme": ""
      }
    },
    "dbtfy_upsell_bundles_6taxNn": {
      "type": "dbtfy-upsell-bundles",
      "blocks": {
        "heading": {
          "type": "_heading",
          "static": true,
          "settings": {
            "padding___top": "none",
            "custom_padding_top": 36,
            "padding___bottom": "none",
            "custom_padding_bottom": 36
          },
          "blocks": {
            "title_HbHmVK": {
              "type": "_title",
              "settings": {
                "title": "Frequently bought together",
                "custom_color": false,
                "title_color": "#000000",
                "alignment": "inherit",
                "alignment_mobile": "",
                "size": "inherit",
                "style": "inherit",
                "padding___top": "inherit",
                "custom_padding_top": 36,
                "padding___bottom": "inherit",
                "custom_padding_bottom": 36
              }
            }
          },
          "block_order": ["title_HbHmVK"]
        }
      },
      "settings": {
        "product": "",
        "show_on": "both",
        "container_size": "page-width",
        "button_style": "button button--primary",
        "button_size": "inherit",
        "total_price_label": "Total price:",
        "button_label": "Add selected items",
        "button_icon": "library_add_check",
        "current_product_label": "Current Product",
        "enable_rating": false,
        "enable_automatic_bundles": true,
        "count_in_bundle": "3",
        "discount_code": "",
        "discount_type": "%",
        "color_scheme": "scheme-1",
        "custom_color_scheme": "",
        "padding___top": "inherit",
        "custom_padding_top": 36,
        "padding___bottom": "inherit",
        "custom_padding_bottom": 36
      }
    },
    "related-products": {
      "type": "related-products",
      "blocks": {
        "heading": {
          "type": "_heading",
          "static": true,
          "settings": {
            "padding___top": "none",
            "custom_padding_top": 36,
            "padding___bottom": "none",
            "custom_padding_bottom": 36
          },
          "blocks": {
            "title": {
              "type": "_title",
              "settings": {
                "title": "You may also like",
                "custom_color": false,
                "title_color": "#000000",
                "alignment": "inherit",
                "alignment_mobile": "",
                "size": "inherit",
                "style": "inherit",
                "padding___top": "inherit",
                "custom_padding_top": 36,
                "padding___bottom": "inherit",
                "custom_padding_bottom": 36
              }
            }
          },
          "block_order": ["title"]
        }
      },
      "settings": {
        "products_to_show": 4,
        "columns_desktop": 4,
        "image_ratio": "inherit",
        "image_crop_position": "inherit",
        "image_shape": "default",
        "show_secondary_image": "inherit",
        "show_carousel": "inherit",
        "quick_add": "none",
        "show_vendor": false,
        "show_rating": false,
        "columns_mobile": "2",
        "color_scheme": "scheme-2",
        "custom_color_scheme": "",
        "padding___top": "inherit",
        "custom_padding_top": 36,
        "padding___bottom": "inherit",
        "custom_padding_bottom": 36
      }
    },
    "dbtfy-recently-viewed": {
      "type": "dbtfy-recently-viewed",
      "blocks": {
        "heading": {
          "type": "_heading",
          "static": true,
          "settings": {
            "padding___top": "none",
            "custom_padding_top": 36,
            "padding___bottom": "none",
            "custom_padding_bottom": 36
          },
          "blocks": {
            "title_AYMDPx": {
              "type": "_title",
              "settings": {
                "title": "Recently viewed products",
                "custom_color": false,
                "title_color": "#000000",
                "alignment": "inherit",
                "alignment_mobile": "",
                "size": "inherit",
                "style": "inherit",
                "padding___top": "inherit",
                "custom_padding_top": 36,
                "padding___bottom": "inherit",
                "custom_padding_bottom": 36
              }
            }
          },
          "block_order": ["title_AYMDPx"]
        }
      },
      "settings": {
        "show_on": "both",
        "empty_heading": "Your recently viewed is empty",
        "empty_heading_size": "h2",
        "grid_col_desktop": 4,
        "grid_col_mobile": "2",
        "products_to_show": 4,
        "image_ratio": "inherit",
        "image_crop_position": "inherit",
        "slider_on": "both",
        "enable_autoplay": false,
        "autoplay_speed": 5,
        "enable_loop": true,
        "enable_dots": true,
        "enable_arrows": true,
        "arrow_color": "inherit",
        "custom_arrow_color": "#ffffff",
        "custom_arrow_background_color": "#7559ff",
        "arrow_position": "middle",
        "color_scheme": "scheme-1",
        "custom_color_scheme": "",
        "padding___top": "inherit",
        "custom_padding_top": 36,
        "padding___bottom": "inherit",
        "custom_padding_bottom": 36
      }
    },
    "dtm_review_section_irDfJM": {
      "type": "dtm-review-section",
      "blocks": {
        "heading": {
          "type": "_heading",
          "static": true,
          "settings": {
            "padding___top": "none",
            "padding___bottom": "extra_small"
          },
          "blocks": {
            "title_KdFW3D": {
              "type": "_title",
              "settings": {
                "title": "Customer Reviews",
                "size": "h2"
              }
            }
          },
          "block_order": ["title_KdFW3D"]
        },
        "review-rating-preview": {
          "type": "_review-rating-preview",
          "static": true,
          "settings": {},
          "blocks": {
            "review_rating_overall_7C48jK": {
              "type": "_review-rating-overall"
            },
            "review_rating_progress_UAB4tm": {
              "type": "_review-rating-progress"
            },
            "review_add_rating_iC4G4a": {
              "type": "_review-add-rating",
              "blocks": {
                "heading_rD9fhM": {
                  "type": "_heading",
                  "settings": {
                    "padding___top": "none",
                    "padding___bottom": "none"
                  },
                  "blocks": {
                    "title_XxR9Ny": {
                      "type": "_title",
                      "settings": {
                        "title": "Submit your Review",
                        "size": "h4"
                      }
                    }
                  },
                  "block_order": ["title_XxR9Ny"]
                },
                "review_form_settings_bGNYyq": {
                  "type": "_review-form-settings"
                }
              },
              "block_order": ["heading_rD9fhM", "review_form_settings_bGNYyq"]
            }
          },
          "block_order": ["review_rating_overall_7C48jK", "review_rating_progress_UAB4tm", "review_add_rating_iC4G4a"]
        },
        "reviews": {
          "type": "_reviews",
          "static": true,
          "settings": {},
          "blocks": {
            "review_filter_xKDwYf": {
              "type": "_review-filter"
            },
            "review_listing_Jiitic": {
              "type": "_review-listing"
            }
          },
          "block_order": ["review_filter_xKDwYf", "review_listing_Jiitic"]
        }
      },
      "settings": {}
    }
  },
  "order": [
    "dbtfy-breadcrumbs",
    "main",
    "dbtfy-product-tabs",
    "common-reviews-widget",
    "dtm_review_section_irDfJM",
    "rich_text_kEXVnh",
    "dbtfy_image_banner_4rYewJ",
    "multicolumn",
    "double_image_banner_mTme8X",
    "dbtfy_upsell_bundles_6taxNn",
    "related-products",
    "dbtfy-recently-viewed"
  ]
}
