{"name":"t:sections.header.name","type":"header","sections":{"announcement-bar":{"type":"announcement-bar","blocks":{"announcement-bar-left-bar":{"type":"_announcement-bar-left-bar","static":true,"settings":{},"blocks":{"social_media_block_LUnrbc":{"type":"_social-media-block","settings":{"show_social":true}}},"block_order":["social_media_block_LUnrbc"]},"announcement-bar-message":{"type":"_announcement-bar-message","static":true,"settings":{"enable_small_text_on_mobile":false,"enable_autoplay":false,"autoplay_speed":5,"enable_loop":true,"enable_arrows":true},"blocks":{"announcement_bar_message_block_zhLUgM":{"type":"_announcement-bar-message-block","settings":{"text":"Welcome to our store","link":""}}},"block_order":["announcement_bar_message_block_zhLUgM"]},"announcement-bar-right-bar":{"type":"_announcement-bar-right-bar","static":true,"settings":{},"blocks":{"language_currency_selector_block_crHGXK":{"type":"_language-currency-selector-block","settings":{"enable_country_selector":true,"enable_language_selector":true}}},"block_order":["language_currency_selector_block_crHGXK"]}},"settings":{"show_line_separator":true,"sticky_bar":false,"padding___top":"none","custom_padding_top":36,"padding___bottom":"none","custom_padding_bottom":36,"color_scheme":"scheme-3","custom_color_scheme":""}},"header":{"type":"header","settings":{"logo_position":"middle-center","menu":"main-menu","menu_type_desktop":"mega","sticky_header_type":"reduce-logo-size","header_transparent":false,"show_line_separator":true,"open_dropdown_hover":true,"color_scheme":"scheme-1","custom_color_scheme":"","menu_color_scheme":"scheme-2","custom_menu_color_scheme":"","enable_country_selector":true,"enable_language_selector":true,"enable_customer_avatar":true,"mobile_logo_position":"center","margin_bottom":0,"padding___top":"small","custom_padding_top":20,"padding___bottom":"small","custom_padding_bottom":20}}},"order":["announcement-bar","header"]}