{
  "name": "Widget Group",
  "type": "aside",
  "sections": {
    "cart-drawer": {
      "type": "cart-drawer",
      "blocks": {
        "cart-heading": {
          "type": "_cart-heading",
          "static": true
        },
        "cart-goal": {
          "type": "_cart-goals",
          "static": true
        },
        "cart-preferences": {
          "type": "_cart-preferences",
          "static": true,
          "settings": {},
          "blocks": {
            "cart_discount_j3bydh": {
              "type": "_cart-discount"
            },
            "cart_delivery_date_hV83HJ": {
              "type": "_cart-delivery-date"
            },
            "cart_delivery_time_7EYML3": {
              "type": "_cart-delivery-time"
            },
            "order_feedback_p9BrHW": {
              "type": "_order-feedback"
            },
            "cart_note_qQtbPd": {
              "type": "_cart-note"
            },
            "cart_gift_wrap_PC3nM8": {
              "type": "_cart-gift-wrap"
            },
            "cart_shipping_calculator_zDdted": {
              "type": "_cart-shipping-calculator"
            },
            "cart_upsell": {
              "type": "_cart-upsell"
            },
            "cart_testimonials": {
              "type": "_cart-testimonials"
            },
            "cart_benefits": {
              "type": "_cart-benefits",
              "settings": {},
              "blocks": {
                "cart_benifit_VbdtUe": {
                  "type": "_cart-benefit",
                  "settings": {
                    "title": "100% Satisfaction Guarantee",
                    "icon": "verified_user"
                  }
                },
                "cart_benifit_PjNGj6": {
                  "type": "_cart-benefit",
                  "settings": {
                    "title": "Fast US Shipping",
                    "icon": "event_available"
                  }
                },
                "cart_benifit_i7TWaJ": {
                  "type": "_cart-benefit",
                  "settings": {
                    "title": "30 Day Return",
                    "icon": "favorite"
                  }
                },
                "cart_benifit_6wjzbJ": {
                  "type": "_cart-benefit",
                  "settings": {
                    "title": "Same Day Fulfillment",
                    "icon": "schedule"
                  }
                },
                "cart_benifit_7dALMd": {
                  "type": "_cart-benefit",
                  "settings": {
                    "title": "14 Days Return Policy",
                    "icon": "undo"
                  }
                }
              },
              "block_order": [
                "cart_benifit_VbdtUe",
                "cart_benifit_PjNGj6",
                "cart_benifit_i7TWaJ",
                "cart_benifit_6wjzbJ",
                "cart_benifit_7dALMd"
              ]
            }
          },
          "block_order": [
            "cart_benefits",
            "cart_discount_j3bydh",
            "cart_delivery_date_hV83HJ",
            "cart_delivery_time_7EYML3",
            "order_feedback_p9BrHW",
            "cart_note_qQtbPd",
            "cart_gift_wrap_PC3nM8",
            "cart_shipping_calculator_zDdted",
            "cart_upsell",
            "cart_testimonials"
          ]
        },
        "cart-order-summary": {
          "type": "_cart-order-summary",
          "static": true,
          "settings": {},
          "blocks": {
            "trust_badges_Qmc7jf": {
              "type": "_trust_badges",
              "settings": {
                "show_heading": false,
                "show_subheading": false,
                "show_informative_text": false
              }
            },
            "cart_subtotal_GbjzGh": {
              "type": "_cart-subtotal"
            },
            "cart_agree_to_terms_t4QdgQ": {
              "type": "_cart-agree-to-terms"
            },
            "cart_tax_3KjGkK": {
              "type": "_cart-tax"
            },
            "add_on_cart_65sh": {
              "type": "_add-on-cart"
            },
            "cart_checkout_CMx8R9": {
              "type": "_cart-checkout"
            },
            "cart_minimum_order_Q67Gyn": {
              "type": "_cart-minimum-order"
            },
            "cart_quantity_break_iE3V6n": {
              "type": "_cart-quantity-break"
            }
          },
          "block_order": [
            "trust_badges_Qmc7jf",
            "cart_subtotal_GbjzGh",
            "cart_agree_to_terms_t4QdgQ",
            "cart_tax_3KjGkK",
            "add_on_cart_65sh",
            "cart_checkout_CMx8R9",
            "cart_minimum_order_Q67Gyn",
            "cart_quantity_break_iE3V6n"
          ]
        }
      }
    },
    "dbtfy-wishlist-drawer": {
      "type": "dbtfy-wishlist-drawer",
      "blocks": {
        "dbtfy-wishlist-drawer-0": {
          "type": "drawer_title",
          "settings": {
            "heading_alignment": "left"
          }
        },
        "dbtfy-wishlist-drawer-1": {
          "type": "drawer_items"
        },
        "dbtfy-wishlist-drawer-2": {
          "type": "drawer_empty"
        }
      },
      "block_order": ["dbtfy-wishlist-drawer-0", "dbtfy-wishlist-drawer-1", "dbtfy-wishlist-drawer-2"]
    },
    "dbtfy-compare-drawer": {
      "type": "dbtfy-compare-drawer",
      "blocks": {
        "dbtfy-compare-drawer-0": {
          "type": "drawer_title"
        },
        "dbtfy-compare-drawer-1": {
          "type": "drawer_items"
        },
        "dbtfy-compare-drawer-2": {
          "type": "drawer_empty"
        }
      },
      "block_order": ["dbtfy-compare-drawer-0", "dbtfy-compare-drawer-1", "dbtfy-compare-drawer-2"]
    }
  },
  "order": ["cart-drawer", "dbtfy-wishlist-drawer", "dbtfy-compare-drawer"]
}
